week,Неделя,Святые,Заглавие чтения (пустое значит рядовое),Утреня,Литургия,Вечерня,1-й час,3-й час,6-й час,9-й час,На освящении воды,Тропари,,,Апостол,Евангелеие,Вечерня
1;0,Светлое Христово Воскресение. Пасха,,,,1a;Jh1,Jh65b,,,,,,"<h5>Тропарь. Глас 5</h5>
Христос воскрес из мёртвых, / Смертию смерть поправ //  и тем, кто во гробах,
Жизнь даровав.
<h5>Кондак. Глас 8</h5>
Хотя и сошёл Ты во гроб, о Бессмертный, / ты низложил силу ада;  / и восстал как победитель, Христе Боже,  / жёнам-мироносицам сказав «радуйтесь!», / и апостолам Твоим мир даровáл; // падшим же подáл воскресение.",1a,Jh1,"Деян., 1 зач., I, 1-8.","Ин., 1 зач., I, 1-17.","Ин., 65 зач., XX, 19-25."
1;1,,,,,2;Jh2,,,,,,,,2,Jh2,"Деян., 2 зач., I, 12-17, 21-26.","Ин., 2 зач., I, 18-28.",#N/A
1;2,,"#TP1<a  class=""main"" href=""http://www.holytrinityorthodox.com/ru/calendar/los/Epiphany/p+02-01.htm"">Иверской</a> иконы Божией Матери (<i>переходящее празднование во вторник Светлой седмицы</i>).
#TP1Преподобномучеников <a  class=""main"" href=""http://www.holytrinityorthodox.com/ru/calendar/los/Epiphany/p+02-02.htm"">отцев Давидо-Гареджийских</a> (XVII) (Груз.) (<i>переходящее празднование во вторник Светлой седмицы</i>).
#TP1<a  class=""main"" href=""http://www.holytrinityorthodox.com/ru/calendar/los/Epiphany/p+02-03.htm"">Шуйской</a> иконы Божией Матери (<i>переходящее празднование во вторник Светлой седмицы</i>).",,,4;Lk113,,,,,,,,4,Lk113,"Деян., 4 зач., II, 14-21.","Лк., 113 зач., XXIV, 12-35.",#N/A
1;3,,"#TP1Собор преподобных отцев, на Богошественной Горе Синай подвизавшихся (<i>переходящее празднование в среду Светлой седмицы</i>).
#TP1<a  class=""main"" href=""http://www.holytrinityorthodox.com/ru/calendar/los/Epiphany/p+03.htm"">Касперовской</a> иконы Божией Матери (<i>переходящее празднование в среду Светлой седмицы</i>).",,,5;Jh4,,,,,,,,5,Jh4,"Деян., 5 зач., II, 22-36.","Ин., 4 зач., I, 35-51.",#N/A
1;4,,,,,6;Jh8,,,,,,,,6,Jh8,"Деян., 6 зач., II, 38-43.","Ин., 8 зач., III, 1-15.",#N/A
1;5,,"#TP1Иконы Божией Матери <a  class=""main"" href=""http://www.holytrinityorthodox.com/ru/calendar/los/Epiphany/p+05-04.htm"">""Живоносный Источник""</a> (<i>переходящее празднование в пятницу Светлой седмицы</i> ).<br> #TP1Память обновления (освящения) храма Пресвятой Богородицы у Живоносного Источника в Константинополе (V) (<i>переходящее празднование в пятницу Светлой седмицы</i> ).<br> #TP1Иконы Божией Матери <a  class=""main"" href=""http://www.holytrinityorthodox.com/ru/calendar/los/Epiphany/p+05-03.htm"">""Почаевской""</a> (<i>переходящее празднование в пятницу Светлой седмицы</i> ).",,,7;Jh7,,,,,,,,7,Jh7,"Деян., 7 зач., III, 1-8.","Ин., 7 зач., II, 12-22.",#N/A
1;5,,,Богородице,,240;Lk54,,,,,,,,,,,,
1;6,,,,,8;Jh11,,,,,,,,8,Jh11,"Деян., 8 зач., III, 11-16.","Ин., 11 зач., III, 22-33.",#N/A
2;0,"Неделя 2-я по Пасхе, апостола Фомы. Антипасха",,,,14;Jh65a,,,,,,,"<h5>Тропарь, Фомина неделя, глас 7</h5>
Из запечатанной гробницы 
/ Жизнь воссияла из гроба.
Ты – Христе Боже! / И сквозь
затворённые двери / явился Ты 
ученикам / всех воскресение. / 
Дух правды ими обновляя в нас /
/ по великой Твоей милости.
<h5>Кондак, Фомина неделя, глас 8</h5>
Любопытствующей рукою / 
Твои рёбра, жизнь подающие, 
Христе Боже, Фома испытал. 
/ Когда же Ты вошёл сквозь 
затворённые двери, / он с другими 
апостолами воскликнул Тебе: //
 «Ты – Господь и Бог мой». <h5>Величание, Фомина неделя</h5>Величаем Тебя, / 
подателя Жизни Христа, / 
ради нас в ад сошедшего // 
и с Собою всех воскресившего.",14,Jh65a,"Деян., 14 зач., V, 12-20.","Ин., 65 зач., XX, 19-31.",#N/A
2;1,,,,,9;Jh6,,,,,,,,9,Jh6,"Деян., 9 зач., III, 19-26.","Ин., 6 зач., II, 1-11.",#N/A
2;2,,,,,10;Jh10,,,,,,,,10,Jh10,"Деян., 10 зач., IV, 1-12.","Ин., 10 зач., III, 16-21.",#N/A
2;3,,,,,11;Jh15,,,,,,,,11,Jh15,"Деян., 11 зач., IV, 13-22.","Ин., 15 зач., V, 17-24.",#N/A
2;4,,,,,12;Jh16,,,,,,,,12,Jh16,"Деян., 12 зач., IV, 23-31.","Ин., 16 зач., V, 24-30.",#N/A
2;5,,,,,13;Jh17,,,,,,,,13,Jh17,"Деян., 13 зач., V, 1-11.","Ин., 17 зач., V, 30 - VI, 2.",#N/A
2;6,,,,,15;Jh19,,,,,,,,15,Jh19,"Деян., 15 зач., V, 21-33.","Ин., 19 зач., VI, 14-27.",#N/A
3;0,"Неделя 3-я по Пасхе, жен-мироносиц","#TP1Свв.жен-мироносиц, прав. Иосифа Аримафейского и Никодима (<i>празднование в Неделю 3-ю по Пасхе</i> ).
#TP1Блгв. <a  class=""main"" href=""http://www.holytrinityorthodox.com/ru/calendar/los/Epiphany/p+14.htm"">Тамары</a>, царицы Грузинской (<i>переходящее празднование в Неделю жен-мироносиц</i> ).
#TP0Свв. <a  class=""main"" href=""http://www.holytrinityorthodox.com/ru/calendar/los/June/04-07.htm"">Марфы и Марии</a>, сестер св. Лазаря четверодневного (<i>переходящее празднование в Неделю жен-мироносиц</i> ).",,,16;Mk69b,,,,,,,,16,Mk69b,"Деян., 16 зач., VI, 1-7.","Мк., 69 зач., XV, 43 - XVI, 8.",#N/A
3;1,,,,,17;Jh13,,,,,,,,17,Jh13,"Деян., 17 зач., VI, 8 - VII, 5; 47-60.","Ин., 13 зач., IV, 46-54.",#N/A
3;2,,,,,18;Jh20,,,,,,,,18,Jh20,"Деян., 18 зач., VIII, 5-17.","Ин., 20 зач., VI, 27-33.",#N/A
3;3,,,,,19;Jh21,,,,,,,,19,Jh21,"Деян., 19 зач., VIII, 18-25.","Ин., 21 зач., VI, 35-39.",#N/A
3;4,,,,,20;Jh22,,,,,,,,20,Jh22,"Деян., 20 зач., VIII, 26-39.","Ин., 22 зач., VI, 40-44.",#N/A
3;5,,,,,21a;Jh23,,,,,,,,21a,Jh23,"Деян., 21 зач., VIII, 40 - IX, 19.","Ин., 23 зач., VI, 48-54.",#N/A
3;6,,,,,22;Jh52,,,,,,,,22,Jh52,"Деян., 22 зач., IX, 20-31.","Ин., 52 зач., XV, 17 - XVI, 2.",#N/A
4;0,"Неделя 4-я по Пасхе, о расслабленном","#TP1Перенесение мощей мч. <a  class=""main"" href=""http://www.holytrinityorthodox.com/ru/calendar/los/Epiphany/p+21-01.htm"">Авраамия</a> Болгарского (1230) (<i>переходящее празднование в Неделю 4-ю по Пасхе</i> ).
#TP1Прав. <a  class=""main"" href=""http://www.holytrinityorthodox.com/ru/calendar/los/Epiphany/p+21-02.htm"">Тавифы</a> (I) (<i>переходящее празднование в Неделю 4-ю по Пасхе</i> ).",,,23;Jh14a,,,,,,,,23,Jh14a,"Деян., 23 зач., IX, 32-42.","Ин., 14 зач., V, 1-15.",#N/A
4;1,,,,,24;Jh24,,,,,,,,24,Jh24,"Деян., 24 зач., X, 1-16.","Ин., 24 зач., VI, 56-69.",#N/A
4;2,,,,,25;Jh25,,,,,,,,25,Jh25,"Деян., 25 зач., X, 21-33.","Ин., 25 зач., VII, 1-13.",#N/A
4;3,,"#TP1<a  class=""main"" href=""http://www.holytrinityorthodox.com/ru/calendar/los/Epiphany/p+24-01.htm"">Моздокской</a> и <a  class=""main"" href=""http://www.holytrinityorthodox.com/ru/calendar/los/Epiphany/p+24-02.htm"">Дубенской-Красногородской</a> (XVII) икон Божией Матери (<i>переходящее празднование в Преполовение Пятидесятницы</i> ).",,,34;Jh26,,,,,,,,34,Jh26,"Деян., 34 зач., XIV, 6-18.","Ин., 26 зач., VII, 14-30.",#N/A
4;4,,,,,26;Jh29,,,,,,,,26,Jh29,"Деян., 26 зач., X, 34-43.","Ин., 29 зач., VIII, 12-20.",#N/A
4;5,,,,,27;Jh30,,,,,,,,27,Jh30,"Деян., 27 зач., X, 44 - XI, 10.","Ин., 30 зач., VIII, 21-30.",#N/A
4;6,,"#TP0Собор новомученников, в Бутове пострадавших (<i>переходящее празднование в 4-ю субботу по Пасхе</i> ).",,,29;Jh31,,,,,,,,29,Jh31,"Деян., 29 зач., XII, 1-11.","Ин., 31 зач., VIII, 31-42.",#N/A
5;0,"Неделя 5-я по Пасхе, о Самарянке",,,,28;Jh12,,,,,,,,28,Jh12,"Деян., 28 зач., XI, 19-26, 29-30.","Ин., 12 зач., IV, 5-42.",#N/A
5;1,,,,,30;Jh32,,,,,,,,30,Jh32,"Деян., 30 зач., XII, 12-17.","Ин., 32 зач., VIII, 42-51.",#N/A
5;2,,,,,31;Jh33,,,,,,,,31,Jh33,"Деян., 31 зач., XII, 25 - XIII, 12.","Ин., 33 зач., VIII, 51-59.",#N/A
5;3,,,,,32;Jh18,,,,,,,,32,Jh18,"Деян., 32 зач., XIII, 13-24.","Ин., 18 зач., VI, 5-14.",#N/A
5;4,,,,,35;Jh35a,,,,,,,,35,Jh35a,"Деян., 35 зач., XIV, 20-27.","Ин., 35 зач., IX, 39 - X, 9.",#N/A
5;5,,,,,36;Jh37a,,,,,,,,36,Jh37a,"Деян., 36 зач., XV, 5-34.","Ин., 37 зач., X, 17-28.",#N/A
5;6,,,,,37;Jh38,,,,,,,,37,Jh38,"Деян., 37 зач., XV, 35-41.","Ин., 38 зач., X, 27-38.",#N/A
6;0,"Неделя 6-я по Пасхе, о слепорожденном",,,,38;Jh34,,,,,,,,38,Jh34,"Деян., 38 зач., XVI, 16-34.","Ин., 34 зач., IX, 1-38.",#N/A
6;1,,,,,39;Jh40,,,,,,,,39,Jh40,"Деян., 39 зач., XVII, 1-15.","Ин., 40 зач., XI, 47-57.",#N/A
6;2,,,,,40b;Jh42a,,,,,,,,40b,Jh42a,"Деян., 40 зач., XVII, 19-28.","Ин., 42 зач., XII, 19-36.",#N/A
6;3,,<p><strong>Отдание праздника Пасхи. Предпразднство Вознесения</strong></p>,,,41;Jh43,,,,,,,,41,Jh43,"Деян., 41 зач., XVIII, 22-28.","Ин., 43 зач., XII, 36-47.",#N/A
6;4,,#TP6Вознесение Господне,Вознесения,Mk71,1b;Lk114,,,,,,,"<h5><em>Тропарь Вознесения, глас 4</em></h5>
Вознёсся во славе Ты, Христе Боже наш, / и радость подарил ученикам, / обещав им Святого Духа, / когда они через Твоё благословение уверились, // что Ты - Сын Божий, Искупитель мира.
<h5><em>Кондак, глас 6</em></h5>
Свой промысел о нас исполнив / и земное соединив с небесным, / Ты вознёсся во славе, Христе Боже наш, / ниоткуда не удаляясь, / но повсюду пребывая неотступно /  и взывая к любящим Тебя: // Я всегда с вами, и никто против вас!<div class=""media""><a href=""/typo3conf/ext/orthodox/Resources/Public/Audio/voznesenije.mp3"" target=""_blank"">Тропарь</a></div><br/><a href=""/audio/bogosluzhebnye-pesnopenija/statja/tropari-dvunadesjatykh-prazdnikov/"">Прослушать тропари двунадесятых праздников (аудио)</a>",1b,Lk114,"Деян., 1 зач., I, 1-12.","Лк., 114 зач., XXIV, 36-53.",#N/A
6;5,,,,,42;Jh47,,,,,,,,42,Jh47,"Деян., 42 зач., XIX, 1-8.","Ин., 47 зач., XIV, 1-11.",#N/A
6;6,,,,,43;Jh48a,,,,,,,,43,Jh48a,"Деян., 43 зач., XX, 7-12.","Ин., 48 зач., XIV, 10-21.",#N/A
7;0,"Неделя 7-я по Пасхе, Отцов I Вселенского Собора","#TP1<a  class=""main"" href=""http://www.holytrinityorthodox.com/ru/calendar/los/Epiphany/p+42-02.htm"">Челнской</a> и Псково-Печерской иконы Божией Матери, именуемой <a  class=""main"" href=""http://www.holytrinityorthodox.com/ru/calendar/los/Epiphany/p+42.htm"">""Умиление""</a> (<i>переходящее празднование в Неделю 7-ю по Пасхе</i> ).",,,44;Jh56,,,,,,,,44,Jh56,"Деян., 44 зач., XX, 16-18, 28-36.","Ин., 56 зач., XVII, 1-13.",#N/A
7;1,,,,,45;Jh49,,,,,,,,45,Jh49,"Деян., 45 зач., XXI, 8-14.","Ин., 49 зач., XIV, 27 - XV, 7.",#N/A
7;2,,,,,46;Jh53,,,,,,,,46,Jh53,"Деян., 46 зач., XXI, 26-32.","Ин., 53 зач., XVI, 2-13.",#N/A
7;3,,,,,47;Jh54,,,,,,,,47,Jh54,"Деян., 47 зач., XXIII, 1-11.","Ин., 54 зач., XVI, 15-23.",#N/A
7;4,,,,,48;Jh55,,,,,,,,48,Jh55,"Деян., 48 зач., XXV, 13-19.","Ин., 55 зач., XVI, 23-33.",#N/A
7;5,,,,,50a;Jh57,,,,,,,,50a,Jh57,"Деян., 50 зач., XXVII, 1-44.","Ин., 57 зач., XVII, 18-26.",#N/A
7;6,,,,,51a;Jh67,,,,,,,,51a,Jh67,"Деян., 51 зач., XXVIII, 1-31.","Ин., 67 зач., XXI, 14-25.",#N/A
7;6,,,За упокой,,163;Jh21,,,,,,,,,,,,
8;0,Пятидесятница,#TP6Пятидесятница,Пятидесятнице,,3;Jh27,,,,,,,"<h5>Тропарь Пятидесятнице, глас 8</h5>
Благословен Ты, Христе Боже наш, / Ты соделал премудрыми рыбарéй, / ниспослав им Духа Святого, / и через них уловил все народы. // О, человеколюбивый, слава Тебе!
<h5>Кондак Пятидесятнице, глас 8</h5>
Когда, сойдя, языки´ смешал, / разделил тем племена Всевышний, / когда же огненные языки´ раздал, / к единению всех призвал, - // и вот, мы согласно прославляем всесвятого Духа.<div class=""media""><a href=""/typo3conf/ext/orthodox/Resources/Public/Audio/troitsa.mp3"" target=""_blank"">Тропарь</a></div><br/><a href=""/audio/bogosluzhebnye-pesnopenija/statja/tropari-dvunadesjatykh-prazdnikov/"">Прослушать тропари двунадесятых праздников (аудио)</a>",3,Jh27,"Деян., 3 зач., II, 1-11.","Ин., 27 зач., VII, 37-52; VIII, 12.",#N/A
8;1,,"<h4>День Святого Духа</h4>#TP1<a  class=""main"" href=""http://www.holytrinityorthodox.com/ru/calendar/los/Epiphany/p+50-02.htm"">Тупичевской</a> и <a  class=""main"" href=""http://www.holytrinityorthodox.com/ru/calendar/los/Epiphany/p+50.htm"">Кипрской</a> икон Божией Матери (<i>переходящие празднования в День Святого Духа</i> ).",,,229;Mt75,,,,,,,,229,Mt75,"Еф., 229 зач., V, 9-19.","Мф., 75 зач., XVIII, 10-20.",#N/A
8;2,,,,,79a;Mt10b,,,,,,,,79a,Mt10b,"Рим., 79 зач., I, 1-7, 13-17.","Мф., 10 зач., IV, 25 - V, 13.",#N/A
8;3,,,,,80;Mt12,,,,,,,,80,Mt12,"Рим., 80 зач., I, 18-27.","Мф., 12 зач., V, 20-26.",#N/A
8;4,,"#TP1Иконы Божией Матери, именуемой <a  class=""main"" href=""http://www.holytrinityorthodox.com/ru/calendar/los/Epiphany/p+53.htm"">""Споручница грешных""</a>, Корецкой (1622) (<i>переходящее празднование в четверг 1-й седмицы по Пятидесятнице</i> ).",,,81a;Mt13,,,,,,,,81a,Mt13,"Рим., 81 зач., I, 28 - II, 9.","Мф., 13 зач., V, 27-32.",#N/A
8;5,,,,,82;Mt14,,,,,,,,82,Mt14,"Рим., 82 зач., II, 14-29.","Мф., 14 зач., V, 33-41.",#N/A
8;6,,,,,79b;Mt15,,,,,,,,79b,Mt15,"Рим., 79 зач., I, 7-12.","Мф., 15 зач., V, 42-48.",#N/A
9;0,Неделя 1-я по Пятидесятнице. Всех святых,"Заговенье на Петров пост.<br>#TP1Икон Божией Матери: <a  class=""main"" href=""http://www.holytrinityorthodox.com/ru/calendar/los/Epiphany/p+56.htm"">""Умягчение злых сердец""</a> (""Семистрельная"") и <a  class=""main"" href=""http://www.holytrinityorthodox.com/ru/calendar/los/Epiphany/p+56-02.htm"">""Нерушимая Стена""</a> (<i>переходящие празднования в Неделю Всех святых</i> ).",,,330;Mt38a,,,,,,,,330,Mt38a,"Евр., 330 зач., XI, 33 - XII, 2.","Мф., 38 зач., X, 32-33, 37-38; XIX, 27-30.",#N/A
9;1,,,,,83;Mt19,,,,,,,,83,Mt19,"Рим., 83 зач., II, 28 - III, 18.","Мф., 19 зач., VI, 31-34; VII, 9-11.",#N/A
9;2,,,,,86;Mt22,,,,,,,,86,Mt22,"Рим., 86 зач., IV, 4-12.","Мф., 22 зач., VII, 15-21.",#N/A
9;3,,,,,87;Mt23,,,,,,,,87,Mt23,"Рим., 87 зач., IV, 13-25.","Мф., 23 зач., VII, 21-23.",#N/A
9;4,,,,,89;Mt27,,,,,,,,89,Mt27,"Рим., 89 зач., V, 10-16.","Мф., 27 зач., VIII, 23-27.",#N/A
9;5,,"#TP1Прп. <a  class=""main"" href=""http://www.holytrinityorthodox.com/ru/calendar/los/Epiphany/p+61-01.htm"">Варлаама</a> Хутынского (1192) (<i>переходящее празднование в 1-ю пятницу Петрова поста</i> ).<br> #TP1<a  class=""main"" href=""http://www.holytrinityorthodox.com/ru/calendar/los/Epiphany/p+61-03.htm"">Табынской</a> и <a  class=""main"" href=""http://www.holytrinityorthodox.com/ru/calendar/los/Epiphany/p+61-02.htm"">Курской-Коренной</a> икон Божией Матери (<i>переходящие празднования в 9-ю пятницу по Пасхе</i> ).",,,90;Mt31,,,,,,,,90,Mt31,"Рим., 90 зач., V, 17 - VI, 2.","Мф., 31 зач., IX, 14-17.",#N/A
9;6,,,,,84;Mt20a,,,,,,,,84,Mt20a,"Рим., 84 зач., III, 19-26.","Мф., 20 зач., VII, 1-8.",#N/A
10;0,"Неделя 2-я по Пятидесятнице. Всех святых, в земле Российской просиявших","#TP0Всех преподобных и богоносных отцев, во Святой Горе Афонской просиявших (<i>переходящее празднование во 2-ю Неделю по Пятидесятнице</i> ).",,,81b;Mt9,,,,,,,,81b,Mt9,"Рим., 81 зач., II, 10-16.","Мф., 9 зач., IV, 18-23.",#N/A
10;0,,,Святым,,330;Mt10a,,,,,,,,,,,,
10;1,,,,,94;Mt34a,,,,,,,,94,Mt34a,"Рим., 94 зач., VII, 1-13.","Мф., 34 зач., IX, 36 - X, 8.",#N/A
10;2,,,,,95;Mt35,,,,,,,,95,Mt35,"Рим., 95 зач., VII, 14 - VIII, 2.","Мф., 35 зач., X, 9-15.",#N/A
10;3,,,,,96a;Mt36,,,,,,,,96a,Mt36,"Рим., 96 зач., VIII, 2-13.","Мф., 36 зач., X, 16-22.",#N/A
10;4,,,,,98;Mt37,,,,,,,,98,Mt37,"Рим., 98 зач., VIII, 22-27.","Мф., 37 зач., X, 23-31.",#N/A
10;5,,,,,101;Mt38b,,,,,,,,101,Mt38b,"Рим., 101 зач., IX, 6-19.","Мф., 38 зач., X, 32-36; XI, 1.",#N/A
10;6,,,,,85;Mt24,,,,,,,,85,Mt24,"Рим., 85 зач., III, 28 - IV, 3.","Мф., 24 зач., VII, 24 - VIII, 4.",#N/A
11;0,,"#TP1Празднество в Вологде всем преподобным отцам Вологодским (<i>переходящее празднование в Неделю 3-ю по Пятидесятнице</i> ).
#TP1<a  class=""main"" href=""http://www.holytrinityorthodox.com/ru/calendar/los/February/10-06.htm"">Собор Новгородских святых</a> (<i>переходящее празднование в Неделю 3-ю по Пятидесятнице</i> ).
#TP1Собор Белорусских святых (<i>переходящее празднование в Неделю 3-ю по Пятидесятнице</i> ): святителей Мины, еп. Полоцкого (1116), Дионисия, еп. Полоцкого (1182), Кирилла, еп. Туровского (1183), Лаврентия, еп. Туровского (1184), Симеона, еп. Полоцкого (1289); блгв. вел. кн. Ростислава, во св. Крещении Михаила, Киевского (ок. 1167); преподобномучеников Афанасия, игумена Брестского (1648), Макария Каневского, игумена Пинского (1678); преподобных Мартина Туровского (1150), Елисея Лавришевского (ок. 1250); прп. Евфросинии, игумении Полоцкой (1173), мч. младенца Гавриила Белостокского (1690); правв. девы Иулиании, кн. Ольшанской (1550), и Софии, кн. Слуцкой (1612).
#TP1Собор Псковских святых (<i>переходящее празднование в Неделю 3-ю по Пятидесятнице</i> ).
#TP1Собор Санктпетерсбургских святых (<i>переходящее празднование в Неделю 3-ю по Пятидесятнице</i> ).",,,88a;Mt18,,,,,,,,88a,Mt18,"Рим., 88 зач., V, 1-10.","Мф., 18 зач., VI, 22-33.",#N/A
11;1,,,,,102;Mt40,,,,,,,,102,Mt40,"Рим., 102 зач., IX, 18-33.","Мф., 40 зач., XI, 2-15.",#N/A
11;2,,,,,104;Mt41,,,,,,,,104,Mt41,"Рим., 104 зач., X, 11 - XI, 2.","Мф., 41 зач., XI, 16-20.",#N/A
11;3,,,,,105;Mt42,,,,,,,,105,Mt42,"Рим., 105 зач., XI, 2-12.","Мф., 42 зач., XI, 20-26.",#N/A
11;4,,,,,106;Mt43,,,,,,,,106,Mt43,"Рим., 106 зач., XI, 13-24.","Мф., 43 зач., XI, 27-30.",#N/A
11;5,,,,,107;Mt44,,,,,,,,107,Mt44,"Рим., 107 зач., XI, 25-36.","Мф., 44 зач., XII, 1-8.",#N/A
11;6,,,,,92;Mt26,,,,,,,,92,Mt26,"Рим., 92 зач., VI, 11-17.","Мф., 26 зач., VIII, 14-23.",#N/A
12;0,,#TP0Собор преподобных отцов Псково-Печерских (<i>переходящее празднование в Неделю 4-ю по Пятидесятнице</i>).,,,93;Mt25,,,,,,,,93,Mt25,"Рим., 93 зач., VI, 18-23.","Мф., 25 зач., VIII, 5-13.",#N/A
12;1,,,,,109;Mt45,,,,,,,,109,Mt45,"Рим., 109 зач., XII, 4-5, 15-21.","Мф., 45 зач., XII, 9-13.",#N/A
12;2,,,,,114;Mt46a,,,,,,,,114,Mt46a,"Рим., 114 зач., XIV, 9-18.","Мф., 46 зач., XII, 14-16, 22-30.",#N/A
12;3,,,,,117;Mt48,,,,,,,,117,Mt48,"Рим., 117 зач., XV, 7-16.","Мф., 48 зач., XII, 38-45.",#N/A
12;4,,,,,118;Mt49,,,,,,,,118,Mt49,"Рим., 118 зач., XV, 17-29.","Мф., 49 зач., XII, 46 - XIII, 3.",#N/A
12;5,,,,,120;Mt50,,,,,,,,120,Mt50,"Рим., 120 зач., XVI, 1-16.","Мф., 50 зач., XIII, 3-9.",#N/A
12;6,,,,,97;Mt30,,,,,,,,97,Mt30,"Рим., 97 зач., VIII, 14-21.","Мф., 30 зач., IX, 9-13.",#N/A
13;0,,,,,103;Mt28,,,,,,,,103,Mt28,"Рим., 103 зач., X, 1-10.","Мф., 28 зач., VIII, 28 - IX, 1.",#N/A
13;1,,,,,121a;Mt51,,,,,,,,121a,Mt51,"Рим., 121 зач., XVI, 17-24.","Мф., 51 зач., XIII, 10-23.",#N/A
13;2,,,,,122;Mt52a,,,,,,,,122,Mt52a,"1 Кор., 122 зач., I, 1-9.","Мф., 52 зач., XIII, 24-30.",#N/A
13;3,,,,,127;Mt53,,,,,,,,127,Mt53,"1 Кор., 127 зач., II, 9 - III, 8.","Мф., 53 зач., XIII, 31-36.",#N/A
13;4,,,,,129;Mt54,,,,,,,,129,Mt54,"1 Кор., 129 зач., III, 18-23.","Мф., 54 зач., XIII, 36-43.",#N/A
13;5,,,,,130b;Mt55,,,,,,,,130b,Mt55,"1 Кор., 130 зач., IV, 5-8.","Мф., 55 зач., XIII, 44-54.",#N/A
13;6,,,,,100;Mt32,,,,,,,,100,Mt32,"Рим., 100 зач., IX, 1-5.","Мф., 32 зач., IX, 18-26.",#N/A
14;0,,,,,110;Mt29,,,,,,,,110,Mt29,"Рим., 110 зач., XII, 6-14.","Мф., 29 зач., IX, 1-8.",#N/A
14;1,,,,,134;Mt56,,,,,,,,134,Mt56,"1 Кор., 134 зач., V, 9 - VI, 11.","Мф., 56 зач., XIII, 54-58.",#N/A
14;2,,,,,136;Mt57,,,,,,,,136,Mt57,"1 Кор., 136 зач., VI, 20 - VII, 12.","Мф., 57 зач., XIV, 1-13.",#N/A
14;3,,,,,137;Mt60,,,,,,,,137,Mt60,"1 Кор., 137 зач., VII, 12-24.","Мф., 60 зач., XIV, 35 - XV, 11.",#N/A
14;4,,,,,138;Mt61,,,,,,,,138,Mt61,"1 Кор., 138 зач., VII, 24-35.","Мф., 61 зач., XV, 12-21.",#N/A
14;5,,,,,139;Mt63,,,,,,,,139,Mt63,"1 Кор., 139 зач., VII, 35 - VIII, 7.","Мф., 63 зач., XV, 29-31.",#N/A
14;6,,,,,108;Mt39,,,,,,,,108,Mt39,"Рим., 108 зач., XII, 1-3.","Мф., 39 зач., X, 37 - XI, 1.",#N/A
15;0,,,,,116;Mt33,,,,,,,,116,Mt33,"Рим., 116 зач., XV, 1-7.","Мф., 33 зач., IX, 27-35.",#N/A
15;1,,,,,142;Mt65,,,,,,,,142,Mt65,"1 Кор., 142 зач., IX, 13-18.","Мф., 65 зач., XVI, 1-6.",#N/A
15;2,,,,,144;Mt66,,,,,,,,144,Mt66,"1 Кор., 144 зач., X, 5-12.","Мф., 66 зач., XVI, 6-12.",#N/A
15;3,,,,,145;Mt68,,,,,,,,145,Mt68,"1 Кор., 145 зач., X, 12-22.","Мф., 68 зач., XVI, 20-24.",#N/A
15;4,,,,,147;Mt69,,,,,,,,147,Mt69,"1 Кор., 147 зач., X, 28 - XI, 7.","Мф., 69 зач., XVI, 24-28.",#N/A
15;5,,,,,148;Mt71,,,,,,,,148,Mt71,"1 Кор., 148 зач., XI, 8-22.","Мф., 71 зач., XVII, 10-18.",#N/A
15;6,,,,,111;Mt47,,,,,,,,111,Mt47,"Рим., 111 зач., XIII, 1-10.","Мф., 47 зач., XII, 30-37.",#N/A
16;0,,,,,124;Mt58,,,,,,,,124,Mt58,"1 Кор., 124 зач., I, 10-18.","Мф., 58 зач., XIV, 14-22.",#N/A
16;1,,,,,150;Mt74,,,,,,,,150,Mt74,"1 Кор., 150 зач., XI, 31 - XII, 6.","Мф., 74 зач., XVIII, 1-11.",#N/A
16;2,,,,,152;Mt76,,,,,,,,152,Mt76,"1 Кор., 152 зач., XII, 12-26.","Мф., 76 зач., XVIII, 18-22; XIX, 1-2, 13-15.",#N/A
16;3,,,,,154a;Mt80,,,,,,,,154a,Mt80,"1 Кор., 154 зач., XIII, 4 - XIV, 5.","Мф., 80 зач., XX, 1-16.",#N/A
16;4,,,,,155;Mt81,,,,,,,,155,Mt81,"1 Кор., 155 зач., XIV, 6-19.","Мф., 81 зач., XX, 17-28.",#N/A
16;5,,,,,157;Mt83b,,,,,,,,157,Mt83b,"1 Кор., 157 зач., XIV, 26-40.","Мф., 83 зач., XXI, 12-14, 17-20.",#N/A
16;6,,,,,113;Mt64,,,,,,,,113,Mt64,"Рим., 113 зач., XIV, 6-9.","Мф., 64 зач., XV, 32-39.",#N/A
17;0,,,,,128;Mt59,,,,,,,,128,Mt59,"1 Кор., 128 зач., III, 9-17.","Мф., 59 зач., XIV, 22-34.",#N/A
17;1,,,,,159;Mt84a,,,,,,,,159,Mt84a,"1 Кор., 159 зач., XV, 12-19.","Мф., 84 зач., XXI, 18-22.",#N/A
17;2,,,,,161;Mt85,,,,,,,,161,Mt85,"1 Кор., 161 зач., XV, 29-38.","Мф., 85 зач., XXI, 23-27.",#N/A
17;3,,,,,165;Mt86,,,,,,,,165,Mt86,"1 Кор., 165 зач., XVI, 4-12.","Мф., 86 зач., XXI, 28-32.",#N/A
17;4,,,,,167a;Mt88,,,,,,,,167a,Mt88,"2 Кор., 167 зач., I, 1-7.","Мф., 88 зач., XXI, 43-46.",#N/A
17;5,,,,,169;Mt91,,,,,,,,169,Mt91,"2 Кор., 169 зач., I, 12-20.","Мф., 91 зач., XXII, 23-33.",#N/A
17;6,,,,,119;Mt73,,,,,,,,119,Mt73,"Рим., 119 зач., XV, 30-33.","Мф., 73 зач., XVII, 24 - XVIII, 4.",#N/A
18;0,,,,,131;Mt72,,,,,,,,131,Mt72,"1 Кор., 131 зач., IV, 9-16.","Мф., 72 зач., XVII, 14-23.",#N/A
18;1,,,,,171;Mt94,,,,,,,,171,Mt94,"2 Кор., 171 зач., II, 4-15.","Мф., 94 зач., XXIII, 13-22.",#N/A
18;2,,,,,172;Mt95,,,,,,,,172,Mt95,"2 Кор., 172 зач., II, 14 - III, 3.","Мф., 95 зач., XXIII, 23-28.",#N/A
18;3,,,,,173;Mt96,,,,,,,,173,Mt96,"2 Кор., 173 зач., III, 4-11.","Мф., 96 зач., XXIII, 29-39.",#N/A
18;4,,,,,175;Mt99,,,,,,,,175,Mt99,"2 Кор., 175 зач., IV, 1-6.","Мф., 99 зач., XXIV, 13-28.",#N/A
18;5,,,,,177;Mt100,,,,,,,,177,Mt100,"2 Кор., 177 зач., IV, 13-18.","Мф., 100 зач., XXIV, 27-33, 42-51.",#N/A
18;6,,,,,123;Mt78,,,,,,,,123,Mt78,"1 Кор., 123 зач., I, 3-9.","Мф., 78 зач., XIX, 3-12.",#N/A
19;0,,,,,141;Mt77,,,,,,,,141,Mt77,"1 Кор., 141 зач., IX, 2-12.","Мф., 77 зач., XVIII, 23-35.",#N/A
19;1,,,,,179;Mk2a,,,,,,,,179,Mk2a,"2 Кор., 179 зач., V, 10-15.","Мк., 2 зач., I, 9-15.",#N/A
19;2,,,,,180;Mk3,,,,,,,,180,Mk3,"2 Кор., 180 зач., V, 15-21.","Мк., 3 зач., I, 16-22.",#N/A
19;3,,,,,182a;Mk4,,,,,,,,182a,Mk4,"2 Кор., 182 зач., VI, 11-16.","Мк., 4 зач., I, 23-28.",#N/A
19;4,,,,,183;Mk5,,,,,,,,183,Mk5,"2 Кор., 183 зач., VII, 1-10.","Мк., 5 зач., I, 29-35.",#N/A
19;5,,,,,184;Mk9,,,,,,,,184,Mk9,"2 Кор., 184 зач., VII, 10-16.","Мк., 9 зач., II, 18-22.",#N/A
19;6,,,,,125c;Mt82,,,,,,,,125c,Mt82,"1 Кор., 125 зач., I, 26-29.","Мф., 82 зач., XX, 29-34.",#N/A
20;0,,,,,158;Mt79,,,,,,,,158,Mt79,"1 Кор., 158 зач., XV, 1-11.","Мф., 79 зач., XIX, 16-26.",#N/A
20;1,,,,,186;Mk11,,,,,,,,186,Mk11,"2 Кор., 186 зач., VIII, 7-15.","Мк., 11 зач., III, 6-12.",#N/A
20;2,,,,,187;Mk12,,,,,,,,187,Mk12,"2 Кор., 187 зач., VIII, 16 - IX, 5.","Мк., 12 зач., III, 13-19.",#N/A
20;3,,,,,189;Mk13,,,,,,,,189,Mk13,"2 Кор., 189 зач., IX, 12 - X, 7.","Мк., 13 зач., III, 20-27.",#N/A
20;4,,,,,190;Mk14,,,,,,,,190,Mk14,"2 Кор., 190 зач., X, 7-18.","Мк., 14 зач., III, 28-35.",#N/A
20;5,,,,,192;Mk15,,,,,,,,192,Mk15,"2 Кор., 192 зач., XI, 5-21.","Мк., 15 зач., IV, 1-9.",#N/A
20;6,,,,,126;Mt90a,,,,,,,,126,Mt90a,"1 Кор., 126 зач., II, 6-9.","Мф., 90 зач., XXII, 15-22.",#N/A
21;0,,,,,166;Mt87,,,,,,,,166,Mt87,"1 Кор., 166 зач., XVI, 13-24.","Мф., 87 зач., XXI, 33-42.",#N/A
21;1,,,,,195;Mk16,,,,,,,,195,Mk16,"2 Кор., 195 зач., XII, 10-19.","Мк., 16 зач., IV, 10-23.",#N/A
21;2,,,,,196;Mk17,,,,,,,,196,Mk17,"2 Кор., 196 зач., XII, 20 - XIII, 2.","Мк., 17 зач., IV, 24-34.",#N/A
21;3,,,,,197;Mk18,,,,,,,,197,Mk18,"2 Кор., 197 зач., XIII, 3-13.","Мк., 18 зач., IV, 35-41.",#N/A
21;4,,,,,198;Mk19,,,,,,,,198,Mk19,"Гал., 198 зач., I, 1-10; 20 - II, 5.","Мк., 19 зач., V, 1-20.",#N/A
21;5,,,,,201;Mk20,,,,,,,,201,Mk20,"Гал., 201 зач., II, 6-10.","Мк., 20 зач., V, 22-24, 35 - VI, 1.",#N/A
21;6,,,,,130a;Mt93,,,,,,,,130a,Mt93,"1 Кор., 130 зач., IV, 1-5.","Мф., 93 зач., XXIII, 1-12.",#N/A
22;0,,,,,170;Mt89,,,,,,,,170,Mt89,"2 Кор., 170 зач., I, 21 - II, 4.","Мф., 89 зач., XXII, 1-14.",#N/A
22;1,,,,,202;Mk21,,,,,,,,202,Mk21,"Гал., 202 зач., II, 11-16.","Мк., 21 зач., V, 24-34.",#N/A
22;2,,,,,204;Mk22,,,,,,,,204,Mk22,"Гал., 204 зач., II, 21 - III, 7.","Мк., 22 зач., VI, 1-7.",#N/A
22;3,,,,,207;Mk23,,,,,,,,207,Mk23,"Гал., 207 зач., III, 15-22.","Мк., 23 зач., VI, 7-13.",#N/A
22;4,,,,,208b;Mk25,,,,,,,,208b,Mk25,"Гал., 208 зач., III, 23 - IV, 5.","Мк., 25 зач., VI, 30-45.",#N/A
22;5,,,,,210a;Mk26,,,,,,,,210a,Mk26,"Гал., 210 зач., IV, 8-21.","Мк., 26 зач., VI, 45-53.",#N/A
22;6,,,,,132;Mt97,,,,,,,,132,Mt97,"1 Кор., 132 зач., IV, 17 - V, 5.","Мф., 97 зач., XXIV, 1-13.",#N/A
23;0,,,,,176;Mt92,,,,,,,,176,Mt92,"2 Кор., 176 зач., IV, 6-15.","Мф., 92 зач., XXII, 35-46.",#N/A
23;1,,,,,211;Mk27,,,,,,,,211,Mk27,"Гал., 211 зач., IV, 28 - V, 10.","Мк., 27 зач., VI, 54 - VII, 8.",#N/A
23;2,,,,,212;Mk28,,,,,,,,212,Mk28,"Гал., 212 зач., V, 11-21.","Мк., 28 зач., VII, 5-16.",#N/A
23;3,,,,,214;Mk29,,,,,,,,214,Mk29,"Гал., 214 зач., VI, 2-10.","Мк., 29 зач., VII, 14-24.",#N/A
23;4,,,,,216;Mk30,,,,,,,,216,Mk30,"Еф., 216 зач., I, 1-9.","Мк., 30 зач., VII, 24-30.",#N/A
23;5,,,,,217;Mk32,,,,,,,,217,Mk32,"Еф., 217 зач., I, 7-17.","Мк., 32 зач., VIII, 1-10.",#N/A
23;6,,,,,146;Mt101,,,,,,,,146,Mt101,"1 Кор., 146 зач., X, 23-28.","Мф., 101 зач., XXIV, 34-44.",#N/A
24;0,,,,,181;Mt105,,,,,,,,181,Mt105,"2 Кор., 181 зач., VI, 1-10.","Мф., 105 зач., XXV, 14-30.",#N/A
24;1,,,,,219;Mk48,,,,,,,,219,Mk48,"Еф., 219 зач., I, 22 - II, 3.","Мк., 48 зач., X, 46-52.",#N/A
24;2,,,,,222;Mk50,,,,,,,,222,Mk50,"Еф., 222 зач., II, 19 - III, 7.","Мк., 50 зач., XI, 11-23.",#N/A
24;3,,,,,223;Mk51,,,,,,,,223,Mk51,"Еф., 223 зач., III, 8-21.","Мк., 51 зач., XI, 23-26.",#N/A
24;4,,,,,225;Mk52,,,,,,,,225,Mk52,"Еф., 225 зач., IV, 14-19.","Мк., 52 зач., XI, 27-33.",#N/A
24;5,,,,,226;Mk53,,,,,,,,226,Mk53,"Еф., 226 зач., IV, 17-25.","Мк., 53 зач., XII, 1-12.",#N/A
24;6,,,,,156;Mt104,,,,,,,,156,Mt104,"1 Кор., 156 зач., XIV, 20-25.","Мф., 104 зач., XXV, 1-13.",#N/A
25;0,,,,,182b;Mt62,,,,,,,,182b,Mt62,"2 Кор., 182 зач., VI, 16 - VII, 1.","Мф., 62 зач., XV, 21-28.",#N/A
25;1,,,,,227;Lk10,,,,,,,,227,Lk10,"Еф., 227 зач., IV, 25-32.","Лк., 10 зач., III, 19-22.",#N/A
25;2,,,,,230a;Lk11,,,,,,,,230a,Lk11,"Еф., 230 зач., V, 20-26.","Лк., 11 зач., III, 23 - IV, 1.",#N/A
25;3,,,,,231;Lk12,,,,,,,,231,Lk12,"Еф., 231 зач., V, 25-33.","Лк., 12 зач., IV, 1-15.",#N/A
25;4,,,,,232;Lk13,,,,,,,,232,Lk13,"Еф., 232 зач., V, 33 - VI, 9.","Лк., 13 зач., IV, 16-22.",#N/A
25;5,,,,,234;Lk14,,,,,,,,234,Lk14,"Еф., 234 зач., VI, 18-24.","Лк., 14 зач., IV, 22-30.",#N/A
25;6,,,,,162;Lk15,,,,,,,,162,Lk15,"1 Кор., 162 зач., XV, 39-45.","Лк., 15 зач., IV, 31-36.",#N/A
26;0,,,,,188;Lk17,,,,,,,,188,Lk17,"2 Кор., 188 зач., IX, 6-11.","Лк., 17 зач., V, 1-11.",#N/A
26;1,,,,,235;Lk16,,,,,,,,235,Lk16,"Флп., 235 зач., I, 1-7.","Лк., 16 зач., IV, 37-44.",#N/A
26;2,,,,,236;Lk18,,,,,,,,236,Lk18,"Флп., 236 зач., I, 8-14.","Лк., 18 зач., V, 12-16.",#N/A
26;3,,,,,237;Lk21,,,,,,,,237,Lk21,"Флп., 237 зач., I, 12-20.","Лк., 21 зач., V, 33-39.",#N/A
26;4,,,,,238;Lk23,,,,,,,,238,Lk23,"Флп., 238 зач., I, 20-26.","Лк., 23 зач., VI, 12-19.",#N/A
26;5,,,,,239;Lk24,,,,,,,,239,Lk24,"Флп., 239 зач., I, 27 - II, 4.","Лк., 24 зач., VI, 17-23.",#N/A
26;6,,,,,164;Lk19,,,,,,,,164,Lk19,"1 Кор., 164 зач., XV, 58 - XVI, 3.","Лк., 19 зач., V, 17-26.",#N/A
27;0,,,,,194;Lk26,,,,,,,,194,Lk26,"2 Кор., 194 зач., XI, 31 - XII, 9.","Лк., 26 зач., VI, 31-36.",#N/A
27;1,,,,,241;Lk25,,,,,,,,241,Lk25,"Флп., 241 зач., II, 12-16.","Лк., 25 зач., VI, 24-30.",#N/A
27;2,,,,,242;Lk27,,,,,,,,242,Lk27,"Флп., 242 зач., II, 17-23.","Лк., 27 зач., VI, 37-45.",#N/A
27;3,,,,,243;Lk28,,,,,,,,243,Lk28,"Флп., 243 зач., II, 24-30.","Лк., 28 зач., VI, 46 - VII, 1.",#N/A
27;4,,,,,244;Lk31,,,,,,,,244,Lk31,"Флп., 244 зач., III, 1-8.","Лк., 31 зач., VII, 17-30.",#N/A
27;5,,,,,245;Lk32,,,,,,,,245,Lk32,"Флп., 245 зач., III, 8-19.","Лк., 32 зач., VII, 31-35.",#N/A
27;6,,,,,168;Lk20,,,,,,,,168,Lk20,"2 Кор., 168 зач., I, 8-11.","Лк., 20 зач., V, 27-32.",#N/A
28;0,,,,,200;Lk30,,,,,,,,200,Lk30,"Гал., 200 зач., I, 11-19.","Лк., 30 зач., VII, 11-16.",#N/A
28;1,,,,,248;Lk33,,,,,,,,248,Lk33,"Флп., 248 зач., IV, 10-23.","Лк., 33 зач., VII, 36-50.",#N/A
28;2,,,,,249a;Lk34,,,,,,,,249a,Lk34,"Кол., 249 зач., I, 1-2, 7-11.","Лк., 34 зач., VIII, 1-3.",#N/A
28;3,,,,,251;Lk37,,,,,,,,251,Lk37,"Кол., 251 зач., I, 18-23.","Лк., 37 зач., VIII, 22-25.",#N/A
28;4,,,,,252;Lk41,,,,,,,,252,Lk41,"Кол., 252 зач., I, 24-29.","Лк., 41 зач., IX, 7-11.",#N/A
28;5,,,,,253;Lk42,,,,,,,,253,Lk42,"Кол., 253 зач., II, 1-7.","Лк., 42 зач., IX, 12-18.",#N/A
28;6,,,,,174;Lk22,,,,,,,,174,Lk22,"2 Кор., 174 зач., III, 12-18.","Лк., 22 зач., VI, 1-10.",#N/A
29;0,,,,,203;Lk35,,,,,,,,203,Lk35,"Гал., 203 зач., II, 16-20.","Лк., 35 зач., VIII, 5-15.",#N/A
29;1,,,,,255;Lk43,,,,,,,,255,Lk43,"Кол., 255 зач., II, 13-20.","Лк., 43 зач., IX, 18-22.",#N/A
29;2,,,,,256;Lk44,,,,,,,,256,Lk44,"Кол., 256 зач., II, 20 - III, 3.","Лк., 44 зач., IX, 23-27.",#N/A
29;3,,,,,259;Lk47,,,,,,,,259,Lk47,"Кол., 259 зач., III, 17 - IV, 1.","Лк., 47 зач., IX, 44-50.",#N/A
29;4,,,,,260a;Lk48a,,,,,,,,260a,Lk48a,"Кол., 260 зач., IV, 2-9.","Лк., 48 зач., IX, 49-56.",#N/A
29;5,,,,,261;Lk50a,,,,,,,,261,Lk50a,"Кол., 261 зач., IV, 10-18.","Лк., 50 зач., X, 1-15.",#N/A
29;6,,,,,178;Lk29,,,,,,,,178,Lk29,"2 Кор., 178 зач., V, 1-10.","Лк., 29 зач., VII, 1-10.",#N/A
30;0,,,,,215a;Lk83,,,,,,,,215a,Lk83,"Гал., 215 зач., VI, 11-18.","Лк., 83 зач., XVI, 19-31.",#N/A
30;1,,,,,262;Lk52,,,,,,,,262,Lk52,"1 Фес., 262 зач., I, 1-5.","Лк., 52 зач., X, 22-24.",#N/A
30;2,,,,,263;Lk55,,,,,,,,263,Lk55,"1 Фес., 263 зач., I, 6-10.","Лк., 55 зач., XI, 1-10.",#N/A
30;3,,,,,264;Lk56,,,,,,,,264,Lk56,"1 Фес., 264 зач., II, 1-8.","Лк., 56 зач., XI, 9-13.",#N/A
30;4,,,,,265;Lk57,,,,,,,,265,Lk57,"1 Фес., 265 зач., II, 9-14.","Лк., 57 зач., XI, 14-23.",#N/A
30;5,,,,,266;Lk58,,,,,,,,266,Lk58,"1 Фес., 266 зач., II, 14-19.","Лк., 58 зач., XI, 23-26.",#N/A
30;6,,,,,185;Lk36,,,,,,,,185,Lk36,"2 Кор., 185 зач., VIII, 1-5.","Лк., 36 зач., VIII, 16-21.",#N/A
31;0,,,,,220a;Lk38,,,,,,,,220a,Lk38,"Еф., 220 зач., II, 4-10.","Лк., 38 зач., VIII, 26-39.",#N/A
31;1,,,,,267;Lk59,,,,,,,,267,Lk59,"1 Фес., 267 зач., II, 20 - III, 8.","Лк., 59 зач., XI, 29-33.",#N/A
31;2,,,,,268;Lk60,,,,,,,,268,Lk60,"1 Фес., 268 зач., III, 9-13.","Лк., 60 зач., XI, 34-41.",#N/A
31;3,,,,,269;Lk61,,,,,,,,269,Lk61,"1 Фес., 269 зач., IV, 1-12.","Лк., 61 зач., XI, 42-46.",#N/A
31;4,,,,,271;Lk62,,,,,,,,271,Lk62,"1 Фес., 271 зач., V, 1-8.","Лк., 62 зач., XI, 47 - XII, 1.",#N/A
31;5,,,,,272;Lk63,,,,,,,,272,Lk63,"1 Фес., 272 зач., V, 9-13, 24-28.","Лк., 63 зач., XII, 2-12.",#N/A
31;6,,,,,191;Lk40,,,,,,,,191,Lk40,"2 Кор., 191 зач., XI, 1-6.","Лк., 40 зач., IX, 1-6.",#N/A
32;0,,,,,221;Lk39,,,,,,,,221,Lk39,"Еф., 221 зач., II, 14-22.","Лк., 39 зач., VIII, 41-56.",#N/A
32;1,,,,,274a;Lk65,,,,,,,,274a,Lk65,"2 Фес., 274 зач., I, 1-10.","Лк., 65 зач., XII, 13-15, 22-31.",#N/A
32;2,,,,,274b;Lk68,,,,,,,,274b,Lk68,"2 Фес., 274 зач., I, 10 - II, 2.","Лк., 68 зач., XII, 42-48.",#N/A
32;3,,,,,275;Lk69,,,,,,,,275,Lk69,"2 Фес., 275 зач., II, 1-12.","Лк., 69 зач., XII, 48-59.",#N/A
32;4,,,,,276;Lk70,,,,,,,,276,Lk70,"2 Фес., 276 зач., II, 13 - III, 5.","Лк., 70 зач., XIII, 1-9.",#N/A
32;5,,,,,277;Lk73,,,,,,,,277,Lk73,"2 Фес., 277 зач., III, 6-18.","Лк., 73 зач., XIII, 31-35.",#N/A
32;6,,,,,199;Lk46,,,,,,,,199,Lk46,"Гал., 199 зач., I, 3-10.","Лк., 46 зач., IX, 37-43.",#N/A
33;0,,,,,224a;Lk53,,,,,,,,224a,Lk53,"Еф., 224 зач., IV, 1-6.","Лк., 53 зач., X, 25-37.",#N/A
33;1,,,,,278;Lk75,,,,,,,,278,Lk75,"1 Тим., 278 зач., I, 1-7.","Лк., 75 зач., XIV, 12-15.",#N/A
33;2,,,,,279;Lk77,,,,,,,,279,Lk77,"1 Тим., 279 зач., I, 8-14.","Лк., 77 зач., XIV, 25-35.",#N/A
33;3,,,,,281;Lk78,,,,,,,,281,Lk78,"1 Тим., 281 зач., I, 18-20; II, 8-15.","Лк., 78 зач., XV, 1-10.",#N/A
33;4,,,,,283;Lk80,,,,,,,,283,Lk80,"1 Тим., 283 зач., III, 1-13.","Лк., 80 зач., XVI, 1-9.",#N/A
33;5,,,,,285a;Lk82,,,,,,,,285a,Lk82,"1 Тим., 285 зач., IV, 4-8, 16.","Лк., 82 зач., XVI, 15-18; XVII, 1-4.",#N/A
33;6,,,,,205;Lk49,,,,,,,,205,Lk49,"Гал., 205 зач., III, 8-12.","Лк., 49 зач., IX, 57-62.",#N/A
34;0,,,,,229;Lk66,,,,,,,,229,Lk66,"Еф., 229 зач., V, 9-19.","Лк., 66 зач., XII, 16-21.",#N/A
34;1,,,,,285c;Lk86,,,,,,,,285c,Lk86,"1 Тим., 285 зач., V, 1-10.","Лк., 86 зач., XVII, 20-25.",#N/A
34;2,,,,,286;Lk87,,,,,,,,286,Lk87,"1 Тим., 286 зач., V, 11-21.","Лк., 87 зач., XVII, 26-37.",#N/A
34;3,,,,,287;Lk90,,,,,,,,287,Lk90,"1 Тим., 287 зач., V, 22 - VI, 11.","Лк., 90 зач., XVIII, 15-17, 26-30.",#N/A
34;4,,,,,289;Lk92,,,,,,,,289,Lk92,"1 Тим., 289 зач., VI, 17-21.","Лк., 92 зач., XVIII, 31-34.",#N/A
34;5,,,,,290a;Lk95,,,,,,,,290a,Lk95,"2 Тим., 290 зач., I, 1-2, 8-18.","Лк., 95 зач., XIX, 12-28.",#N/A
34;6,,,,,213;Lk51b,,,,,,,,213,Lk51b,"Гал., 213 зач., V, 22 - VI, 2.","Лк., 51 зач., X, 19-21.",#N/A
35;0,,,,,233;Lk71,,,,,,,,233,Lk71,"Еф., 233 зач., VI, 10-17.","Лк., 71 зач., XIII, 10-17.",#N/A
35;1,,,,,294;Lk97,,,,,,,,294,Lk97,"2 Тим., 294 зач., II, 20-26.","Лк., 97 зач., XIX, 37-44.",#N/A
35;2,,,,,297;Lk98,,,,,,,,297,Lk98,"2 Тим., 297 зач., III, 16 - IV, 4.","Лк., 98 зач., XIX, 45-48.",#N/A
35;3,,,,,299;Lk99,,,,,,,,299,Lk99,"2 Тим., 299 зач., IV, 9-22.","Лк., 99 зач., XX, 1-8.",#N/A
35;4,,,,,300b;Lk100,,,,,,,,300b,Lk100,"Тит., 300 зач., I, 5 - II, 1.","Лк., 100 зач., XX, 9-18.",#N/A
35;5,,,,,301;Lk101,,,,,,,,301,Lk101,"Тит., 301 зач., I, 15 - II, 10.","Лк., 101 зач., XX, 19-26.",#N/A
35;6,,,,,218;Lk67,,,,,,,,218,Lk67,"Еф., 218 зач., I, 16-23.","Лк., 67 зач., XII, 32-40.",#N/A
36;0,,,,,250;Lk76,,,,,,,,250,Lk76,"Кол., 250 зач., I, 12-18.","Лк., 76 зач., XIV, 16-24.",#N/A
36;1,,,,,308;Lk102,,,,,,,,308,Lk102,"Евр., 308 зач., III, 5-11, 17-19.","Лк., 102 зач., XX, 27-44.",#N/A
36;2,,,,,310;Lk106,,,,,,,,310,Lk106,"Евр., 310 зач., IV, 1-13.","Лк., 106 зач., XXI, 12-19.",#N/A
36;3,,,,,312;Lk104,,,,,,,,312,Lk104,"Евр., 312 зач., V, 11 - VI, 8.","Лк., 104 зач., XXI, 5-7, 10-11, 20-24.",#N/A
36;4,,,,,315;Lk107,,,,,,,,315,Lk107,"Евр., 315 зач., VII, 1-6.","Лк., 107 зач., XXI, 28-33.",#N/A
36;5,,,,,317;Lk108a,,,,,,,,317,Lk108a,"Евр., 317 зач., VII, 18-25.","Лк., 108 зач., XXI, 37 - XXII, 8.",#N/A
36;6,,,,,220b;Lk72,,,,,,,,220b,Lk72,"Еф., 220 зач., II, 11-13.","Лк., 72 зач., XIII, 18-29.",#N/A
37;0,,,,,257;Lk85,,,,,,,,257,Lk85,"Кол., 257 зач., III, 4-11.","Лк., 85 зач., XVII, 12-19.",#N/A
37;1,,,,,319;Mk33,,,,,,,,319,Mk33,"Евр., 319 зач., VIII, 7-13.","Мк., 33 зач., VIII, 11-21.",#N/A
37;2,,,,,321a;Mk34,,,,,,,,321a,Mk34,"Евр., 321 зач., IX, 8-10, 15-23.","Мк., 34 зач., VIII, 22-26.",#N/A
37;3,,,,,323;Mk36,,,,,,,,323,Mk36,"Евр., 323 зач., X, 1-18.","Мк., 36 зач., VIII, 30-34.",#N/A
37;4,,,,,326;Mk39,,,,,,,,326,Mk39,"Евр., 326 зач., X, 35 - XI, 7.","Мк., 39 зач., IX, 10-16.",#N/A
37;5,,,,,327;Mk41,,,,,,,,327,Mk41,"Евр., 327 зач., XI, 8, 11-16.","Мк., 41 зач., IX, 33-41.",#N/A
37;6,,,,,228;Lk74,,,,,,,,228,Lk74,"Еф., 228 зач., V, 1-8.","Лк., 74 зач., XIV, 1-11.",#N/A
38;0,,,,,258;Lk91,,,,,,,,258,Lk91,"Кол., 258 зач., III, 12-16.","Лк., 91 зач., XVIII, 18-27.",#N/A
38;1,,,,,329a;Mk42,,,,,,,,329a,Mk42,"Евр., 329 зач., XI, 17-23, 27-31.","Мк., 42 зач., IX, 42 - X, 1.",#N/A
38;2,,,,,333a;Mk43,,,,,,,,333a,Mk43,"Евр., 333 зач., XII, 25-26; XIII, 22-25.","Мк., 43 зач., X, 2-12.",#N/A
38;3,,,,,50b;Mk44,,,,,,,,50b,Mk44,"Иак., 50 зач., I, 1-18.","Мк., 44 зач., X, 11-16.",#N/A
38;4,,,,,51b;Mk45,,,,,,,,51b,Mk45,"Иак., 51 зач., I, 19-27.","Мк., 45 зач., X, 17-27.",#N/A
38;5,,,,,52;Mk46,,,,,,,,52,Mk46,"Иак., 52 зач., II, 1-13.","Мк., 46 зач., X, 23-32.",#N/A
38;6,,,,,249b;Lk81,,,,,,,,249b,Lk81,"Кол., 249 зач., I, 3-6.","Лк., 81 зач., XVI, 10-15.",#N/A
39;0,,,,,280b;Lk93,,,,,,,,280b,Lk93,"1 Тим., 280 зач., I, 15-17.","Лк., 93 зач., XVIII, 35-43.",#N/A
39;1,,,,,53;Mk48,,,,,,,,53,Mk48,"Иак., 53 зач., II, 14-26.","Мк., 48 зач., X, 46-52.",#N/A
39;2,,,,,54;Mk50,,,,,,,,54,Mk50,"Иак., 54 зач., III, 1-10.","Мк., 50 зач., XI, 11-23.",#N/A
39;3,,,,,55;Mk51,,,,,,,,55,Mk51,"Иак., 55 зач., III, 11 - IV, 6.","Мк., 51 зач., XI, 23-26.",#N/A
39;4,,,,,56;Mk52,,,,,,,,56,Mk52,"Иак., 56 зач., IV, 7 - V, 9.","Мк., 52 зач., XI, 27-33.",#N/A
39;5,,,,,58a;Mk53,,,,,,,,58a,Mk53,"1 Петр., 58 зач., I, 1-2, 10-12; II, 6-10.","Мк., 53 зач., XII, 1-12.",#N/A
39;6,,,,,273;Lk84,,,,,,,,273,Lk84,"1 Фес., 273 зач., V, 14-23.","Лк., 84 зач., XVII, 3-10.",#N/A
40;0,,,,,285b;Lk94,,,,,,,,285b,Lk94,"1 Тим., 285 зач., IV, 9-15.","Лк., 94 зач., XIX, 1-10.",#N/A
40;1,,,,,59;Mk54,,,,,,,,59,Mk54,"1 Петр., 59 зач., II, 21 - III, 9.","Мк., 54 зач., XII, 13-17.",#N/A
40;2,,,,,60;Mk55,,,,,,,,60,Mk55,"1 Петр., 60 зач., III, 10-22.","Мк., 55 зач., XII, 18-27.",#N/A
40;3,,,,,61;Mk56,,,,,,,,61,Mk56,"1 Петр., 61 зач., IV, 1-11.","Мк., 56 зач., XII, 28-37.",#N/A
40;4,,,,,62;Mk57,,,,,,,,62,Mk57,"1 Петр., 62 зач., IV, 12 - V, 5.","Мк., 57 зач., XII, 38-44.",#N/A
40;5,,,,,64;Mk58,,,,,,,,64,Mk58,"2 Петр., 64 зач., I, 1-10.","Мк., 58 зач., XIII, 1-8.",#N/A
40;6,,,,,293;Lk88,,,,,,,,293,Lk88,"2 Тим., 293 зач., II, 11-19.","Лк., 88 зач., XVIII, 2-8.",#N/A
41;0,Неделя о мытаре и фарисее,,,,296;Lk89,,,,,,,,296,Lk89,"2 Тим., 296 зач., III, 10-15.","Лк., 89 зач., XVIII, 10-14.",#N/A
41;1,Седмица сплошная,,,,66;Mk59,,,,,,,,66,Mk59,"2 Петр., 66 зач., I, 20 - II, 9.","Мк., 59 зач., XIII, 9-13.",#N/A
41;2,Седмица сплошная,,,,67;Mk60,,,,,,,,67,Mk60,"2 Петр., 67 зач., II, 9-22.","Мк., 60 зач., XIII, 14-23.",#N/A
41;3,Седмица сплошная,,,,68a;Mk61,,,,,,,,68a,Mk61,"2 Петр., 68 зач., III, 1-18.","Мк., 61 зач., XIII, 24-31.",#N/A
41;4,Седмица сплошная,,,,69;Mk62,,,,,,,,69,Mk62,"1 Ин., 69 зач., I, 8 - II, 6.","Мк., 62 зач., XIII, 31 - XIV, 2.",#N/A
41;5,Седмица сплошная,,,,70;Mk63,,,,,,,,70,Mk63,"1 Ин., 70 зач., II, 7-17.","Мк., 63 зач., XIV, 3-9.",#N/A
41;6,Седмица сплошная,,,,295;Lk103,,,,,,,,295,Lk103,"2 Тим., 295 зач., III, 1-9.","Лк., 103 зач., XX, 45 - XXI, 4.",#N/A
42;0,Неделя о блудном сыне,,,,135;Lk79,,,,,,,,135,Lk79,"1 Кор., 135 зач., VI, 12-20.","Лк., 79 зач., XV, 11-32.",#N/A
42;1,,,,,71;Mk49,,,,,,,,71,Mk49,"1 Ин., 71 зач., II, 18 - III, 10.","Мк., 49 зач., XI, 1-11.",#N/A
42;2,,,,,72;Mk64,,,,,,,,72,Mk64,"1 Ин., 72 зач., III, 11-20.","Мк., 64 зач., XIV, 10-42.",#N/A
42;3,,,,,73a;Mk65,,,,,,,,73a,Mk65,"1 Ин., 73 зач., III, 21 - IV, 6.","Мк., 65 зач., XIV, 43 - XV, 1.",#N/A
42;4,,,,,74b;Mk66,,,,,,,,74b,Mk66,"1 Ин., 74 зач., IV, 20 - V, 21.","Мк., 66 зач., XV, 1-15.",#N/A
42;5,,,,,75;Mk68,,,,,,,,75,Mk68,"2 Ин., 75 зач., I, 1-13.","Мк., 68 зач., XV, 22, 25, 33-41.",#N/A
42;6,Вселенская родительская (мясопустная) суббота,,,,146;Lk105,,,,,,,,146,Lk105,"1 Кор., 146 зач., X, 23-28.","Лк., 105 зач., XXI, 8-9, 25-27, 33-36.",#N/A
43;0,"Неделя мясопустная, о Страшнем суде",,,,140;Mt106,,,,,,,,140,Mt106,"1 Кор., 140 зач., VIII, 8 - IX, 2.","Мф., 106 зач., XXV, 31-46.",#N/A
43;1,Седмица cырная (масленица) - сплошная,,,,76;Lk96,,,,,,,,76,Lk96,"3 Ин., 76 зач., I, 1-15.","Лк., 96 зач., XIX, 29-40; XXII, 7-39.",#N/A
43;2,Седмица cырная (масленица) - сплошная,,,,77;Lk109,,,,,,,,77,Lk109,"Иуд., 77 зач., I, 1-10.","Лк., 109 зач., XXII, 39-42, 45 - XXIII, 1.",#N/A
43;3,Седмица cырная (масленица) - сплошная,,,,,1001,,,1000,,,,,,#N/A,#N/A,#N/A
43;4,Седмица cырная (масленица) - сплошная,,,,78;Lk110,,,,,,,,78,Lk110,"Иуд., 78 зач., I, 11-25.","Лк., 110 зач., XXIII, 1-34, 44-56.",#N/A
43;5,Седмица cырная (масленица) - сплошная,,,,,1003,,,1002,,,,,,#N/A,#N/A,#N/A
43;6,Седмица cырная (масленица) - сплошная,"#TP1Всех преподобных отцев, в подвиге просиявших (<i>переходящее празднование в субботу сырной седмицы</i> ).",,,115;Mt16,,,,,,,,115,Mt16,"Рим., 115 зач., XIV, 19-26.","Мф., 16 зач., VI, 1-13.",#N/A
44;0,Неделя сыропустная. Воспоминание Адамова изгнания. Прощеное воскресенье,,,,112;Mt17,,,,,,,,112,Mt17,"Рим., 112 зач., XIII, 11 - XIV, 4.","Мф., 17 зач., VI, 14-21.",#N/A
44;1,,#TP0Чистый понедельник. <br><b>На Великом повечерии читается канон свт. Андрея Критского.</b>,,,,1005;1006,,,1004,,,,303,Mk10,"Евр., 303 зач., I, 1-12.","Мк., 10 зач., II, 23 - III, 5.",#N/A
44;2,,<b>На Великом повечерии читается канон свт. Андрея Критского.</b>,,,,1008;1009,,,1007,,,,292,Jh52,"2 Тим., 292 зач., II, 1-10.","Ин., 52 зач., XV, 17 - XVI, 2.",#N/A
44;3,,<b>На Великом повечерии читается канон свт. Андрея Критского.</b>,,,,1011;1012,,,1010,,,,329b,Jh5,"Евр., 329 зач., XI, 24-26; 32 - XII, 2.","Ин., 5 зач., I, 43-51.",#N/A
44;4,,<b>На Великом повечерии читается канон свт. Андрея Критского.</b>,,,,1014;1015,,,1013,,,,309,Mk6,"Евр., 309 зач., III, 12-16.","Мк., 6 зач., I, 35-44.",#N/A
44;5,,,,,,1017;1018,,,1016,,,,304,Mk7,"Евр., 304 зач., I, 10 - II, 3.","Мк., 7 зач., II, 1-12.",#N/A
44;6,,,,,303;Mk10,,,,,,,,303,Jh36,"Евр., 303 зач., I, 1-12.","Ин., 36 зач., X, 9-16.",#N/A
44;6,,"#TP1Вмч. <a  class=""main"" href=""http://www.holytrinityorthodox.com/ru/calendar/los/Epiphany/p-43.htm"">Феодора</a> Тирона (ок. 306) (<i>переходящее празднование в субботу 1-й седмицы Великого поста</i>).",Великомученику,,292;Jh52,,,,,,,,325,Mk8,"Евр., 325 зач., X, 32-38.","Мк., 8 зач., II, 14-17.",#N/A
45;0,"Неделя 1-я Великого поста, Торжества Православия","#TP1Иконы Божией Матери <a  class=""main"" href=""http://www.holytrinityorthodox.com/ru/calendar/los/Epiphany/p-42.htm"">Кипрской</a> в с. Стромынь Московской обл. (<i>переходящее празднование в Неделю 1-ю Великого поста</i>).",,,329b;Jh5,,,,,,,,311a,Mk37,"Евр., 311 зач., IV, 14 - V, 6.","Мк., 37 зач., VIII, 34 - IX, 1.",#N/A
45;1,,,,,,1023;1024,,,1022,,,,313,Mk31,"Евр., 313 зач., VI, 9-12.","Мк., 31 зач., VII, 31-37.",#N/A
45;2,,,,,,1026;1027,,,1025,,,,314,Mk40,"Евр., 314 зач., VI, 13-20.","Мк., 40 зач., IX, 17-31.",#N/A
45;3,,,,,,1029;1030,,,1028,,,,#VALUE!,,#VALUE!,#N/A,#N/A
45;4,,,,,,1032;1033,,,1031,,,,322,Mk35,"Евр., 322 зач., IX, 24-28.","Мк., 35 зач., VIII, 27-31.",#N/A
45;5,,,,,,1035;1036,,,1034,,,,321b,Mk47,"Евр., 321 зач., IX, 11-14.","Мк., 47 зач., X, 32-45.",#N/A
45;6,Седмица 2-я Великого Поста. Поминовение усопших,,,,309;Mk6,,,,,,,,309,Lk33,"Евр., 309 зач., III, 12-16.","Лк., 33 зач., VII, 36-50.",#N/A
45;6,,,За упокой,,270;Jh16,,,,,,,,333b,Jh39,"Евр., 333 зач., XII, 28 - XIII, 8.","Ин., 39 зач., XI, 1-45.",#N/A
46;0,"Неделя 2-я Великого поста, Святителя Григория Паламы",,,,304;Mk7,,,,,,,,247,Jh41a,"Флп., 247 зач., IV, 4-9.","Ин., 41 зач., XII, 1-18.",#N/A
46;0,,"#TP1Свт. <a  class=""main"" href=""http://www.holytrinityorthodox.com/ru/calendar/los/Epiphany/p-35.htm"">Григория</a> Паламы, архиеп. Фессалонитского (<i>переходящее празднование во 2-ю Неделю Великого поста</i>).<br>#TP1Собор всех преподобных отцев Киево-Печерских (<i>переходящее празднование во 2-ю Неделю Великого поста</i>).",Святителю,,318a;Jh36,,,,,,,,,Mt98,#N/A,"Мф., 98 зач., XXIV, 3-35.",#N/A
46;1,,,,,,1038;1039,,,1037,,,,,Mt102,#N/A,"Мф., 102 зач., XXIV, 36 - XXVI, 2.",#N/A
46;2,,,,,,1041;1042,,,1040,,,,,Mt108,#N/A,"Мф., 108 зач., XXVI, 6-16.",#N/A
46;3,,,,,,1044;1045,,,1043,,,,149,Mt107,"1 Кор., 149 зач., XI, 23-32.","Мф., 107 зач., XXVI, 2-20; Ин., XIII, 3-17; Мф., XXVI, 21-39; Лк., XXII, 43-45; Мф., XXVI, 40 - XXVII, 2.",#N/A
46;4,,,,,,1047;1048,,,1046,,,,91,Mt115,"Рим., 91 зач., VI, 3-11.","Мф., 115 зач., XXVIII, 1-20.",#N/A
46;5,,,,,,1050;1051,,,1049,,,,,,#N/A,#N/A,#N/A
46;6,,,,,325;Mk8,,,,,,,,,,#N/A,#N/A,#N/A
47;0,"Неделя 3-я Великого поста, Крестопоклонная",,,,311a;Mk37,,,,,,,,,,#N/A,#N/A,#N/A
47;1,,,,,,1053;1054,,,1052,,,,,,#N/A,#N/A,#N/A
47;2,,,,,,1056;1057,,,1055,,,,,,#N/A,#N/A,#N/A
47;3,,,,,,1059;1060,,,1058,,,,,,#N/A,#N/A,#N/A
47;4,,,,,,1062;1063,,,1061,,,,,,#N/A,#N/A,#N/A
47;5,,,,,,1065;1066,,,1064,,,,,,#N/A,#N/A,#N/A
47;6,Седмица 4-я Великого Поста. Поминовение усопших,,,,313;Mk31,,,,,,,,,,#N/A,#N/A,#N/A
47;6,,,За упокой,,163;Jh16,,,,,,,,,,#N/A,#N/A,#N/A
48;0,"
Неделя 4-я Великого поста, Преподобного Иоанна Лествичника",,,,314;Mk40,,,,,,,,,,#N/A,#N/A,#N/A
48;0,,"#TP1Прп. <a  class=""main"" href=""http://www.holytrinityorthodox.com/ru/calendar/los/Epiphany/p-21.htm"">Иоанна</a> Лествичника (<i>переходящее празднование в 4-ю Неделю Великого поста</i>).",Преподобному,,229;Mt10a,,,,,,,,,,#N/A,#N/A,#N/A
48;1,,,,,,1068;1069,,,1067,,,,,,#N/A,#N/A,#N/A
48;2,,,,,,1071;1072,,,1070,,,,,,#N/A,#N/A,#N/A
48;3,,,,,,1074;1075,,,1073,,,,,,#N/A,#N/A,#N/A
48;4,,,,,,1077;1078,,,1076,,,,,,#N/A,#N/A,#N/A
48;5,,,,,,1080;1081,,,1079,,,,,,#N/A,#N/A,#N/A
48;6,Седмица 5-я Великого Поста. Похвала Пресвятой Богородицы (Суббота Акафиста),,,,322;Mk35,,,,,,,,,,#N/A,#N/A,#N/A
48;6,,,Богородице,,320;Lk54,,,,,,,,,,#N/A,#N/A,#N/A
49;0,Неделя 5-я Великого поста,,,,321b;Mk47,,,,,,,,,,#N/A,#N/A,#N/A
49;1,,,,,,1083;1084,,,1082,,,,,,#N/A,#N/A,#N/A
49;2,,,,,,1086;1087,,,1085,,,,,,#N/A,#N/A,#N/A
49;3,,,,,,1089;1090,,,1088,,,,,,#N/A,#N/A,#N/A
49;4,,,,,,1092;1093,,,1091,,,,,,#N/A,#N/A,#N/A
49;5,,,,,,1095;1096,,,1094,,,,,,#N/A,#N/A,#N/A
49;0,,"#TP1Прп. <a  class=""main"" href=""http://www.holytrinityorthodox.com/ru/calendar/los/Epiphany/p-14.htm"">Марии</a> Египетской (<i>переходящее празднование в 5-ю Неделю Великого поста</i>).",Преподобной,,208a;Lk33,,,,,,,,,,#N/A,#N/A,#N/A
49;6,6-я седмица Великого поста (седмица ваий). Лазарева Суббота,,,,333b;Jh39,,,,,,,,,,#N/A,#N/A,#N/A
50;0,"Неделя 6-я ваий (цветоносная, Вербное воскресенье)",#TP6Вход Господень в Иерусалим.,Входу Господа в Иерусалим,Mt83a,247;Jh41a,,,,,,,"<h5>Тропарь. Вход Господень в Иерусалим, глас 1:</h5>
Всеобщее воскресение прежде страданий Своих утверждая, / Ты Лазаря из мёртвых воздвиг, Христе Боже. / Вот и мы, словно дети, несущие знаки победы, / к Тебе, Победителю Смерти взываем: / «Осанна в вышних! // Благословен, Кто во имя Господне грядёт!»
<h5>Другой тропарь, глас 4:</h5>
Сопогребённые с Тобой в Крещении, Христе Боже наш, / мы бессмертной жизни удостоились в Воскресении Твоём / и, воспевая, возгла­шаем: / «Осанна в вышних! // Благословен, Кто во имя Господне грядёт!»
<h5>Кондак, глас 6:</h5>
На престоле в Небесах восседая / и на ослёнке по земле шествуя, Христе Боже, / хвалу ангелов и песнь детей принял Ты, взывающих к Тебе: // «Благословен Ты, грядущий воззвать к Себе Адама!»<div class=""media""><a href=""/typo3conf/ext/orthodox/Resources/Public/Audio/vhod1.mp3"" target=""_blank"">Тропарь</a><a href=""/typo3conf/ext/orthodox/Resources/Public/Audio/vhod2.mp3"" target=""_blank"">Другой&nbsp;тропарь</a></div><br/><a href=""/audio/bogosluzhebnye-pesnopenija/statja/tropari-dvunadesjatykh-prazdnikov/"">Прослушать тропари двунадесятых праздников (аудио)</a>",,,#N/A,#N/A,#N/A
50;1,"
Великий Понедельник. Страстная седмица",,,Mt84b,;Mt98,,,,,,,,,,#N/A,#N/A,#N/A
50;2,"
Великий Вторник. Страстная седмица",,,Mt90b,;Mt102,,,,,,,,,,#N/A,#N/A,#N/A
50;3,Великая Среда. Страстная седмица,,,Jh41b,;Mt108,,,,,,,,,,#N/A,#N/A,#N/A
50;4,"
Великий Четверг. Воспоминание Тайной Вечери. Страстная седмица",,,Lk108b,149;Mt107,,,,,,,,,,#N/A,#N/A,#N/A
50;4,,,На умовении ног,,;Jh44,,,,,,,,,,#N/A,#N/A,#N/A
50;4,,,По умовении ног,,;Jh45,,,,,,,,,,#N/A,#N/A,#N/A
50;5,Великая Пятница. Воспоминание Святых спасительных Страстей Господа нашего Иисуса Христа. Страстная седмица,,Евангелия Последования Святых Страстей Господа нашего Иисуса Христа,Jh46;Jh58;Mt109;Jh59a;Mt111;Mk67a;Mt113;Lk111;Jh61a;Mk69a;Jh62;Mt114,,,,,,,,,,,#N/A,#N/A,#N/A
50;5,,,,,,125b;Mt110,215b;Mt110a,88b;Mk67b,306;Lk111,324;Jh59b,,,,,#N/A,#N/A,#N/A
50;6,Великая Суббота. Страстная седмица,,,133;206;Mt114,91;Mt115,,,,,,,,,,#N/A,#N/A,#N/A