Дата,Неделя,Святые дня,Заглавие чтения,Утреня,Литургия,Вечерня,1-й час,3-й час,6-й час,9-й час,На освящении воды,Тропари,---,,,,,,
01/09,,#SR,Новолетию,,282;Lk13,,,,,,,,Новый церковный год,Заполнить заглавия чтений,282,Lk13,"1 Тим., 282 зач., II, 1-7.","Лк., 13 зач., IV, 16-22.",#N/A
01/09,,,Преподобному,,258;Mt43,,,,,,,,Преподобного Симеона Столпника,Доделать таблицу до конца,258,Mt43,"Кол., 258 зач., III, 12-16.","Мф., 43 зач., XI, 27-30.",#N/A
02/09,,,Мученику,,99;Jh50,,,,,,,,,,,,,,
03/09,,,Священномученику,,334;Jh36,,,,,,,,,,,,,,
03/09+0,,#TP1Собор новомучеников и исповедников Казахстанских (<i>переходящее празднование в 1-е воскресенье после 3 сентября</i>).,,,,,,,,,,,,,,,#N/A,#N/A,#N/A
04/09,,,Святым,,330;Lk67,,,,,,,,"Святителя Иоасафа, епископа Белгородского",,318a,Jh36,"Евр., 318 зач., VII, 26 - VIII, 2.","Ин., 36 зач., X, 9-16.",#N/A
05/09,,,Пророку,,314;Mt96,,,,,,,,Святых пророка Захарии и праведной Елисаветы,,314,Mt96,"Евр., 314 зач., VI, 13-20.","Мф., 96 зач., XXIII, 29-39.",#N/A
06/09,,,Архангелу,,305;Lk51a,,,,,,,,Воспоминание чуда Архангела Михаила в Колоссах (Хонах),,305,Lk51a,"Евр., 305 зач., II, 2-10.","Лк., 51 зач., X, 16-21.",#N/A
07/09,,,Мученику,,233;Jh52,,,,,,,,Мученика Созонта,,233,Jh52,"Еф., 233 зач., VI, 10-17.","Ин., 52 зач., XV, 17 - XVI, 2.",#N/A
08/09,,,Богородице,Lk4,240;Lk54,,,,,,,"<h5>Тропарь Рождеству Всесвятой Богородицы, глас 4.</h5>
Рождество Твоё, Богородица Дева, / радость всей земле возвестило, / ибо из Тебя воссияло Солнце Правды – Христос Бог наш. / Он снял проклятье и подáл благословение, // лишил силы Смерть и даровáл нам Жизнь вечную.
<h5>Кондак Рождеству Всесвятой Богородицы, глас 4.</h5>
Иоаким и Анна от поношения за бездетность, / Адам же и Ева от тления смертного освободились, / о Непорочная, святым рождеством Твоим. / Его празднует и народ Твой, / от вины за согрешения избавленный, / и взывает к Тебе: // «Бесплодная рождает Богородицу и питательницу Жизни нашей!»",Рождество Пресвятой Владычицы нашей Богородицы и Приснодевы Марии,,240,Lk54,"Флп., 240 зач., II, 5-11.","Лк., 54 зач., X, 38-42; XI, 27-28.",#N/A
09/09,,,Богоотцам,,210c;Lk36,,,,,,,,Святых и праведных Богоотец Иоакима и Анны,,210c,Lk36,"Гал., 210 зач., IV, 22-31.","Лк., 36 зач., VIII, 16-21.",#N/A
11/09,,,Преподобной,Mt43,213;Lk24,,,,,,,,Отдание праздника Рождества Богородицы. Преподобного Силуана Афонского,,213,Lk24,"Гал., 213 зач., V, 22 - VI, 2.","Лк., 24 зач., VI, 17-23.",#N/A
12/09,,,Богородице,,240;Lk54,,,,,,,,,,240,Lk54,"Флп., 240 зач., II, 5-11.","Лк., 54 зач., X, 38-42; XI, 27-28.",#N/A
14/09-6,,Суббота перед Воздвижением,Субботы перед Воздвижением,,126;Mt39,,,,,,,,,,126,Mt39,"1 Кор., 126 зач., II, 6-9.","Мф., 39 зач., X, 37 - XI, 1.",#N/A
14/09-0,,Неделя перед Воздвижением,Недели перед Воздвижением,,215a;Jh9,,,,,,,,,,215a,Jh9,"Гал., 215 зач., VI, 11-18.","Ин., 9 зач., III, 13-17.",#N/A
13/09,,,Обновления,,307;Mt67b,,,,,,,,Обновление храма Воскресения Христова в Иерусалиме,,307,Mt67b,"Евр., 307 зач., III, 1-4.","Мф., 67 зач., XVI, 13-18.",#N/A
14/09,,,Воздвижения,Jh42b,125a;Jh60,,,,,,,"<h5>Тропарь Воздвижению святого и животворящего креста, глас 1.</h5>
Спаси, Господи, народ Твой / и благослови наследие Твоё, / победу правителям над варварством дарýя // и Твоё сохраняя Крестом Твоим общество.
<h5>Кондак Воздвижению святого и животворящего креста, глас 1.</h5>
На кресте вознесённый добровольно, / носящему имя Твоё новому обществу / милость Твою дарýй, Христе Боже. / Возвесели силою Твоею верных правителей наших, / победу над врагами им дарýя, / в помощь от Тебя принявшим Крест – // оружие мира и знак незыблемой победы.",Воздвижение священного и Животворящего Креста Господня,,125a,Jh60,"1 Кор., 125 зач., I, 18-24.","Ин., 60 зач., XIX, 6-11, 13-20, 25-28, 30-35.",#N/A
14/09+6,,Cуббота по Воздвижении,Субботы по Воздвижении,,125c;Jh30,,,,,,,,,,125c,Jh30,"1 Кор., 125 зач., I, 26-29.","Ин., 30 зач., VIII, 21-30.",#N/A
14/09+0,,Недели по Воздвижении,Недели по Воздвижении,,203;Mk37,,,,,,,,,,203,Mk37,"Гал., 203 зач., II, 16-20.","Мк., 37 зач., VIII, 34 - IX, 1.",#N/A
15/09,,,Великомученику,,292;Jh36,,,,,,,,,,,,,,
16/09,,,Великомученице,,181;Lk33,,,,,,,,Великомученицы Евфимии Всехвальной,,181,Lk33,"2 Кор., 181 зач., VI, 1-10.","Лк., 33 зач., VII, 36-50.",#N/A
20/09,,,Великомученику,,233;Lk106,,,,,,,,Великомученика Евстафия Плакиды,,233,Lk106,"Еф., 233 зач., VI, 10-17.","Лк., 106 зач., XXI, 12-19.",#N/A
21/09,,,Святителю,Jh35b,318a;Jh36,,,,,,,,"Отдание Воздвижения Креста. Святителя Димитрия, митрополита Ростовского",,318a,Jh36,"Евр., 318 зач., VII, 26 - VIII, 2.","Ин., 36 зач., X, 9-16.",#N/A
22/09,,,Священномученику,,311a;Jh36,,,,,,,,,,,,,,
23/09,,,Предтече,,210c;Lk2,,,,,,,,Зачатие св. Иоанна Предтечи,,210c,Lk2,"Гал., 210 зач., IV, 22-31.","Лк., 2 зач., I, 5-25.",#N/A
23/09,,,,,,,,,,,,"<h5>Тропарь свт. Иннокентию, митр. Московскому, глас 1.</h5>
По всем землям северным разнёсся голос твой, / и ты при´нявших слово твоё богоприлично научил: / не вéдавших Христа светом Евангелия про­светил / и нравы людей исправил. / О слава земли российской, святитель отец наш Иннокентий, // ходáтайствуй пред Христом Богом о спасении душ наших!
<h5>Другой тропарь свт. Иннокентию, митр. Московскому, глас 3.</h5>
Первый учитель прежде тёмных языческих племён / и первый возвеститель им пути спасительного, / апостольски потрудившийся в просвещении Сибири и Америки, / о святитель отец наш Ин­нокентий, / ходáтайствуй перед Владыкой все­­го, / дабы даровáл Он всей земле мир // и дýшам нашим – милость великую.",,,,,#N/A,#N/A,#N/A
24/09,,,Первомученику,,296;Mt104,,,,,,,,,,,,,,
25/09,,#SR,Преподобному,Mt43,213;Lk24,,,,,,,"<h5>Тропарь Сергию Радонежскому, глас 4</h5>
О, добродетелей поборник, / ты, как истинный воин Христа Бога, / со страстями упорно боролся в жизни временной, / в молитвах, бдениях и постах будучи примером для своих учеников; / потому и вселился в тебя всесвятой Дух, / Чьим действием ты великолепно украшен. / Имея же дерзновение ко Святой Троице, / воспоминай паству свою, которую собрал ты, о мудрый, / и, как и обещал, / не оставь нас, чад своих, // преподобный Сергий, отец наш.",Преставление преподобного Сергия Радонежского,,213,Lk24,"Гал., 213 зач., V, 22 - VI, 2.","Лк., 24 зач., VI, 17-23.",#N/A
26/09,,,Апостолу,Jh67,73c;Jh61b,,,,,,,,Святого Апостола и Евангелиста Иоанна Богослова,,73c,Jh61b,"1 Ин., 73 зач., IV, 12-19.","Ин., 61 зач., XIX, 25-27; XXI, 24-25.",#N/A
26/09,,,Святителю,,318a;Jh36,,,,,,,,,,,,,,
28/09,,,Преподобному,Mt10a,176;Lk24,,,,,,,,Преподобного Харитона Исповедника,,176,Lk24,"2 Кор., 176 зач., IV, 6-15.","Лк., 24 зач., VI, 17-23.",#N/A
29/09,,,Преподобному,,213;Lk24,,,,,,,,,,,,,,
30/09,,,Святителю,,318a;Jh36,,,,,,,,"Святителя Михаила, первого митрополита Киевского и всея России чудотворца",,318a,Jh36,"Евр., 318 зач., VII, 26 - VIII, 2.","Ин., 36 зач., X, 9-16.",#N/A
01/10,,,Богородице,Lk4,320;Lk54,,,,,,,"<h5>Тропарь Покрова Всесвятой Богородицы, глас 4.</h5>
Ныне, благоверные люди, мы радостно празднуем, / осеняемые Твоим, Богоматерь, пришествием, / и, на Твой непорочный образ взирая, с сокрушением взываем: / покрой нас Святым своим покровом/ и избавь нас от всякого зла, / ходáтайствуя пред Сыном Твоим, Христом Богом нашим, // о спасении душ наших.
<h5>Кондак Покрова Всесвятой Богородицы, глас 3.</h5>
Дева ныне предстоит в храме / и с сонмами святых невидимо за нас молится Богу; / ангелы с архиереями поклоняются, / апостолы же и пророки торжествуют, // ибо ходáтайствует за нас Богородица пред Богом превечным.
<h5>Величание</h5>
Величаем Тебя, / всесвятая Дева, / и почитаем святой покров Твой, /
ибо на облаке видел Тебя святой Андрей // за нас Христу молящейся.",Покров Пресвятой Богородицы.,,320,Lk54,"Евр., 320 зач., IX, 1-7.","Лк., 54 зач., X, 38-42; XI, 27-28.",#N/A
01/10,,,Апостолу,,21b;Lk51a,,,,,,,,Апостола Анании,,21b,Lk51a,"Деян., 21 зач., IX, 10-19.","Лк., 51 зач., X, 16-21.",#N/A
02/10,,,Святым,,280a;Jh36,,,,,,,,,,,,,,
03/10,,,Священномученикам,,40a;Mt55,,,,,,,,Священномученика Дионисия Ареопагита,,40a,Mt55,"Деян., 40 зач., XVII, 16-34.","Мф., 55 зач., XIII, 44-54.",#N/A
05/10,,,Святителям,Jh36,335;Mt11,,,,,,,,"Святителей Петра, Алексия, Иoны, Филиппа и Ермогенa Московских",,335,Mt11,"Евр., 335 зач., XIII, 17-21.","Мф., 11 зач., V, 14-19.",#N/A
06/10,,#NSR,Апостолу,Jh67,131;Jh65a,,,,,,,,Святого Апостола Фомы,,131,Jh65a,"1 Кор., 131 зач., IV, 9-16.","Ин., 65 зач., XX, 19-31.",#N/A
07/10,,,Мученикам,,330;Lk106,,,,,,,,,,,,,,
09/10,,,Апостолу,Jh67,131;Lk51a,,,,,,,,Святого Апостола Иакова Алфеева,,131,Lk51a,"1 Кор., 131 зач., IV, 9-16.","Лк., 51 зач., X, 16-21.",#N/A
10/10,,,Преподобному,Mt43,213;Lk24,,,,,,,,Преподобного Амвросия Оптинского,,213,Lk24,"Гал., 213 зач., V, 22 - VI, 2.","Лк., 24 зач., VI, 17-23.",#N/A
11/10,,,Апостолу,,20;Lk50b,,,,,,,,"Апостола Филиппа, одного из семи диаконов",,20,Lk50b,"Деян., 20 зач., VIII, 26-39.","Лк., 50 зач., X, 1-21.",#N/A
11/10~0,,Воспоминание VII Вселенского Собора,Святым отцам,,334;Jh56,,,,,,,,,,334,Jh56,"Евр., 334 зач., XIII, 7-16.","Ин., 56 зач., XVII, 1-13.",#N/A
12/10,,,Мученикам,,233;Lk106,,,,,,,,,,,,,,
13/10,,,Богородице,Lk4,240;Lk54,,,,,,,,Иверской иконы Пресвятой Богородицы,,240,Lk54,"Флп., 240 зач., II, 5-11.","Лк., 54 зач., X, 38-42; XI, 27-28.",#N/A
15/10,,,Святителю,,233;Lk64,,,,,,,,,,,,,,
16/10,,,Мученику,,292;Mt113,,,,,,,,Мученика Лонгина сотника,,292,Mt113,"2 Тим., 292 зач., II, 1-10.","Мф., 113 зач., XXVII, 33-54.",#N/A
18/10,,,Апостолу,Jh67,260b;Lk51a,,,,,,,,Святого Апостола и Евангелиста Луки,,260b,Lk51a,"Кол., 260 зач., IV, 5-9, 14, 18.","Лк., 51 зач., X, 16-21.",#N/A
19/10,,#NSR,,,,,,,,,,,,,,,,,
26/10-6,,#TP1Димитриевская (Родительская) суббота. <i>Поминовение усопших.</i> ,За упокой,,270;Jh16,,,,,,,,,,,,,,
21/10,,,Преподобному,,188;Lk24,,,,,,,,,,,,,,
22/10,,#SR,Богородице,Lk4,240;Lk54,,,,,,,,Казанской иконы Пресвятой Богородицы.,,240,Lk54,"Флп., 240 зач., II, 5-11.","Лк., 54 зач., X, 38-42; XI, 27-28.",#N/A
23/10,,,Апостолу,,200;Mt56,,,,,,,"<h5>Тропарь апостолу Иакову, брату Господню. Глас 2</h5>
Как Господень ученик воспринял ты, о праведный, Благовестие, / как мученик ты являешь стойкость,/ дерзновение - как брат Божий/ и как предстоятель - ходатайство,-/ так моли Христа Бога// о спасении душ наших!","Святого Апостола Иакова, брата Господня",,200,Mt56,"Гал., 200 зач., I, 11-19.","Мф., 56 зач., XIII, 54-58.",#N/A
24/10,,,Богородице,Lk4,240;Lk54,,,,,,,,"Иконы Божией Матери ""Всех скорбящих Радость""",,240,Lk54,"Флп., 240 зач., II, 5-11.","Лк., 54 зач., X, 38-42; XI, 27-28.",#N/A
25/10,,,Мученикам,,224b;Mt34b,,,,,,,,,,,,,,
26/10,,,Землетрясения,Mt36,331b;Mt27,,,,,,,,"Святого великомученика Димитрия и воспоминание землетрясения, бывшего в Константинополе в 740 году",,331b,Mt27,"Евр., 331 зач., XII, 6-13, 25-26.","Мф., 27 зач., VIII, 23-27.",#N/A
26/10,,,Великомученику,,292;Jh52,,,,,,,,"Святого великомученика Димитрия и воспоминание землетрясения, бывшего в Константинополе в 740 году",,292,Jh52,"2 Тим., 292 зач., II, 1-10.","Ин., 52 зач., XV, 17 - XVI, 2.",#N/A
27/10,,,Мученику,,233;Lk106,,,,,,,,,,,,,,
28/10,,,Святителю,Jh65a,318a;Jh36,,,,,,,,"Святителя Димитрия, митрополита Ростовского",,318a,Jh36,"Евр., 318 зач., VII, 26 - VIII, 2.","Ин., 36 зач., X, 9-16.",#N/A
29/10,,,Преподобному,,213;Mt43,,,,,,,,"Преподобного Авраамия, архимандрита Ростовского",,213,Mt43,"Гал., 213 зач., V, 22 - VI, 2.","Мф., 43 зач., XI, 27-30.",#N/A
01/11,,,Бессеребреникам,,153;Mt34b,,,,,,,"<h5>Тропарь бессребреников Косьмы и Дамиана Азийских, глас 8.</h5>
Святые бессребреники и чудотворцы Косьма и Дамиан, / посетите нас в немощах наших; // даром получили, даром давайте нам!",Бессребреников и чудотворцев Космы и Дамиана Асийских,,153,Mt34b,"1 Кор., 153 зач., XII, 27 - XIII, 8.","Мф., 34 зач., X, 1, 5-8.",#N/A
02/11,,,Мученикам,,233;Mt36,,,,,,,,,,,,,,
03/11,,,Святым,,233;Lk106,,,,,,,,,,,,,,
04/11,,,Преподобному,,213;Mt10a,,,,,,,,,,,,,,
05/11,,,Святителю,Jh36,318a;Jh36,,,,,,,,"Святителя Ионы, архиепископа Новгородского",,318a,Jh36,"Евр., 318 зач., VII, 26 - VIII, 2.","Ин., 36 зач., X, 9-16.",#N/A
06/11,,,Преподобному,,213;Lk24,,,,,,,,"Преподобного Варлаама Хутынского, Новгородского чудотворца",,213,Lk24,"Гал., 213 зач., V, 22 - VI, 2.","Лк., 24 зач., VI, 17-23.",#N/A
06/11,,,Святителю,,318a;Lk64,,,,,,,,,,,,,,
07/11,,,Преподобному,,213;Mt10a,,,,,,,,,,,,,,
08/11,,#SR,Бесплотных сил,Mt52b,305;Lk51a,,,,,,,"<h5>Тропарь Собору архангелов Михаила и Гавриила и всех небесных сил бесплотных, глас 4.</h5>
О вожди небесных воинств, / всегда умоляем вас мы, недостойные, / дабы вы молитвами своими оградили нас, / под сенью крыл невещественной вашей славы сохраняя нас, / к вам прилежно прибегающих и взывающих: / Как предводители вышних сил // от опасностей избавьте нас!",Собор архистратига Михаила и всех небесных Сил Бесплотных,,305,Lk51a,"Евр., 305 зач., II, 2-10.","Лк., 51 зач., X, 16-21.",#N/A
09/11,,,Богородице,Lk4,240;Lk54,,,,,,,,,,,,,,
11/11,,,Мученикам,,233;Mt38a,,,,,,,,,,,,,,
11/11,,,Преподобному,,335;Mt10a,,,,,,,,,,,,,,
12/11,,,Святителю,,311a;Lk24,,,,,,,,,,,,,,
13/11,,,Святителю,Jh35b,318a;Jh36,,,,,,,"<h5>Тропарь свт. Иоанну Златоуcту, архиеп. Константинопольскому, глас 8.</h5>
Благодать, из уcт твоиx воccияв, как cвет огня, / пpоcветила вcю землю; / она cниcкала миpу cо­кpовища нестяжания / и явила нам выcоту cмиpенномудpия. / Ты же, отче, Иоанн Златоуcтый, / cловами cвоими научая наc, // моли Cлово, Xpиcта Бога, о cпаcении душ нашиx.
<h5>Кондак свт. Иоанну Златоуcту, архиеп. Константинопольскому, глас 6.</h5>
C Небеc ты пpи′нял божеcтвенную благодать/ и своими уcтами вcеx учишь поклонятьcя в Тpо­ице единому Богу,/ Иоанн Злато­уcтый, вcебла­жен­ный и пpа­ведный./ Мы по доcтоин­ству вос­xваляем тебя,// ибо ты – наcтавник наш, бо­жеcтвенное проясняющий.",Святителя Иоанна Златоуста,,318a,Jh36,"Евр., 318 зач., VII, 26 - VIII, 2.","Ин., 36 зач., X, 9-16.",#N/A
14/11,,,Апостолу,Jh67,131;Jh5,,,,,,,,Святого Апостола Филиппа,,131,Jh5,"1 Кор., 131 зач., IV, 9-16.","Ин., 5 зач., I, 43-51.",#N/A
15/11,,,Мученикам,,233;Lk64,,,,,,,"<h5>Тропарь прп. Паисию Величковскому, глас 2.</h5>
Преподобный отче Паисий,/ прожив странником на земле,/ на Небесах ты обрёл Отечест­во./ О добротолю′бия подвижник,/ ты верных научил ум к Богу возводить/ и сердцем к Нему взывать:/ «Господи Иисусе Христе, Сыне Божий,// помилуй нас, грешных!»",Преподобного Паисия Величковского,,334,Lk24,"Евр., 334 зач., XIII, 7-16.","Лк., 24 зач., VI, 17-23.",#N/A
16/11,,,Апостолу,Jh67,131;Mt30,,,,,,,,Святого Апостола и Евангелиста Матфея,,131,Mt30,"1 Кор., 131 зач., IV, 9-16.","Мф., 30 зач., IX, 9-13.",#N/A
17/11,,,Преподобному,,213;Mt10a,,,,,,,,,,,,,,
17/11,,,Святителю,,151;Mt34b,,,,,,,,,,,,,,
19/11,,,Святителю,Jh35b,233;Mt11,,,,,,,"<h5>Тропарь свт. Филарету, митр. Московскрму. Глас 4</h5>
Духа Святого благодать стяжав,/ о богомудрый святитель Филарет,/ ты истину и праведность разумом просвещённым/ людям проповедал;/ сердцем сострадающим мир и милость страждущим явил;/ Посему, ко Христу Богу дерзновение имея,// моли даровать Церкви утверждение, народу же и нашим душам - спасение.","Святителя Филарета, митрополита Московского и Коломенского",,233,Mt11,"Еф., 233 зач., VI, 10-17.","Мф., 11 зач., V, 14-19.",#N/A
20/11,,,Святителю,,318a;Jh36,,,,,,,,,,,,,,
21/11,,,Богородице,Lk4,320;Lk54,,,,,,,"<h5>Тропарь Введения во храм Всесвятой Богородицы, глас 4.</h5>
Ныне Божьего благоволения предначинание / и человеческого спасения предвестие: / Дева в храме Божьем являет Себя явственно / и всем предвозвещает Христа. / К Ней и мы громко воззовём: / «Радуйся, // исполнение промысла Создателя!»
<h5>Кондак Введения во храм Всесвятой Богородицы, глас 4.</h5>
Пречистый Храм Спасителя, / многоценный брачный чертог и Дева, / священная сокровищница славы Божьей, / ныне вводится в дом Господень, / вводя с Собою благодать божественного Духа. / Её воспевают и ангелы Божьи: // «Она есть скиния небесная».
<h5>Величание</h5>
Величаем Тебя,/ всесвятая Дева,/ богоизбранная Отроковица,/ и почитаем в храм Господень/ вхождение Твоё.<div class=""media""><a href=""/typo3conf/ext/orthodox/Resources/Public/Audio/vvedenije.mp3"" target=""_blank"">Тропарь</a></div><br/><a href=""http://psmb.ru/audio/bogosluzhebnye-pesnopenija/statja/tropari-dvunadesjatykh-prazdnikov/"">Прослушать тропари двунадесятых праздников (аудио)</a>",Введение во храм Пресвятой Богородицы,,320,Lk54,"Евр., 320 зач., IX, 1-7.","Лк., 54 зач., X, 38-42; XI, 27-28.",#N/A
22/11,,,Апостолу,,302c;Lk50a,,,,,,,,Апостолов Филимона и Архиппа,,302c,Lk50a,"Флм., 302 зач., I, 1-25.","Лк., 50 зач., X, 1-15.",#N/A
23/11,,,Благоверному князю,Mt43,213;Mt43,,,,,,,,Преставление благоверного великого князя Александра Невского,,213,Mt43,"Гал., 213 зач., V, 22 - VI, 2.","Мф., 43 зач., XI, 27-30.",#N/A
24/11,,,Святителю,,233;Lk106,,,,,,,,Великомученицы Екатерины,,233,Lk106,"Еф., 233 зач., VI, 10-17.","Лк., 106 зач., XXI, 12-19.",#N/A
25/11,,,Богородице,,320;Lk54,,,,,,,,Отдание праздника Введения во храм Пресвятой Богородицы,,320,Lk54,"Евр., 320 зач., IX, 1-7.","Лк., 54 зач., X, 38-42; XI, 27-28.",#N/A
27/11,,,Великомученику,Lk4,233;Lk54,,,,,,,,"Знамение Пресвятой Богородицы, бывшее в Новгороде",,233,Lk54,"Еф., 233 зач., VI, 10-17.","Лк., 54 зач., X, 38-42; XI, 27-28.",#N/A
27/11,,,Богородице,,320;Jh50,,,,,,,,Великомученика Иакова Персидского,,320,Jh50,"Евр., 320 зач., IX, 1-7.","Ин., 50 зач., XV, 1-7.",#N/A
28/11,,,Преподобномученику,,291;Mt37,,,,,,,,,,,,,,
30/11,,,Апостолу,Mt9,131;Jh4,,,,,,,,Святого Апостола Андрея Первозванного,,131,Jh4,"1 Кор., 131 зач., IV, 9-16.","Ин., 4 зач., I, 35-51.",#N/A
01/12,,,Праведному,,258;Lk26,,,,,,,,,,,,,,
03/12,,,Преподобному,,213;Mt10a,,,,,,,,"Преподобного Саввы Сторожевского, Звенигородского",,213,Mt10a,"Гал., 213 зач., V, 22 - VI, 2.","Мф., 10 зач., IV, 25 - V, 12.",#N/A
04/12,,,Святому,Mt104,208a;Mk21,,,,,,,,Святой великомученицы Варвары,,208a,Mk21,"Гал., 208 зач., III, 23-29.","Мк., 21 зач., V, 24-34.",#N/A
05/12,,,Преподобному,Lk24,213;Mt43,,,,,,,,Преподобного Саввы Освященного,,213,Mt43,"Гал., 213 зач., V, 22 - VI, 2.","Мф., 43 зач., XI, 27-30.",#N/A
06/12,,,Святителю,Jh36,335;Lk24,,,,,,,,"Святителя Николая, архиепископа Мир Ликийских, чудотворца",,335,Lk24,"Евр., 335 зач., XIII, 17-21.","Лк., 24 зач., VI, 17-23.",#N/A
07/12,,,Преподобному,,176;Lk24,,,,,,,,,,,,,,
09/12,,,Богородице,,210c;Lk36,,,,,,,,Зачатие праведной Анной Пресвятой Богородицы,,210c,Lk36,"Гал., 210 зач., IV, 22-31.","Лк., 36 зач., VIII, 16-21.",#N/A
10/12,,,Святителю,Jh36,318a;Jh36,,,,,,,,,,,,,,
10/12,,,Мученикам,,233;Lk106,,,,,,,,"Мучеников Мины, Ермогена и Евграфа",,233,Lk106,"Еф., 233 зач., VI, 10-17.","Лк., 106 зач., XXI, 12-19.",#N/A
12/12,,,Святителю,,335;Lk24,,,,,,,,"Святителя Спиридона, епископа Тримифунтского",,335,Lk24,"Евр., 335 зач., XIII, 17-21.","Лк., 24 зач., VI, 17-23.",#N/A
13/12,,,Святым,Mt36,233;Lk106,,,,,,,,"Святых мучеников Евстратия, Авксентия, Евгения, Мардария и Ореста",,233,Lk106,"Еф., 233 зач., VI, 10-17.","Лк., 106 зач., XXI, 12-19.",#N/A
17/12,,,Пророку,,330;Lk62,,,,,,,,"Пророка Даниила и трех отроков: Анании, Азарии и Мисаила",,330,Lk62,"Евр., 330 зач., XI, 33 - XII, 2.","Лк., 62 зач., XI, 47 - XII, 1.",#N/A
18/12,,,Праведному,,213;Lk24,,,,,,,,,,,,,,
23/12,,,Мученикам,,233;Lk106,,,,,,,,,,233,Lk106,"Еф., 233 зач., VI, 10-17.","Лк., 106 зач., XXI, 12-19.",#N/A
25/12-0#1,,#SR#TP1Неделя святых праотец.,Праотцам,,257;Lk76,,,,,,,,,,257,Lk76,"Кол., 257 зач., III, 4-11.","Лк., 76 зач., XIV, 16-24.",#N/A
25/12-6,,#TP0Суббота пред Рождеством Христовым,Субботы перед Рождеством Христовым,,205;Lk72,,,,,,,,,,205,Lk72,"Гал., 205 зач., III, 8-12.","Лк., 72 зач., XIII, 18-29.",#N/A
25/12-0,,"#SR#TP0<i>Неделя пред Рождеством Христовым, святых отец.</i> ",Недели перед Рождеством Христовым,,328;Mt1,,,,,,,,,,328,Mt1,"Евр., 328 зач., XI, 9-10, 17-23, 32-40.","Мф., 1 зач., I, 1-25.",#N/A
20/12,,,Праведному,Mt16,Mt11,,,,,,,,Праведного Иоанна Кронштадтского,,Mt11,,#N/A,#N/A,#N/A
20/12,,,Священномученику,,311a;Mk41,,,,,,,,Священномученика Игнатия Богоносца,,311a,Mk41,"Евр., 311 зач., IV, 14 - V, 6.","Мк., 41 зач., IX, 33-41.",#N/A
21/12,,,Святителю,Jh35b,318a;Lk24,,,,,,,,"Преставление митрополита Петра, святителя Московского",,318a,Lk24,"Евр., 318 зач., VII, 26 - VIII, 2.","Лк., 24 зач., VI, 17-23.",#N/A
22/12,,,Великомученице,,208a;Lk33,,,,,,,,Великомученицы Анастасии Узорешительницы,,208a,Lk33,"Гал., 208 зач., III, 23-29.","Лк., 33 зач., VII, 36-50.",#N/A
24/12-w,,#SR#TP1<i>Навечерие Рождества Христова (Рождественский сочельник).</i>,Навечерия,,303/207;Lk5/Mt53,,303;Mt2,208a;Lk5,304;Mt3,306;Mt4,,,Навечерие Рождества Христова,,303/207,Lk5/Mt53,#N/A,#N/A,#N/A
25/12,,,Рождества Христова,Mt2,209;Mt3,,,,,,,"<h5>Тропарь Рождества Христова, глас 4.</h5>
Рождество Твоё, Христе Боже наш, / озарило мир светом познания, / ибо тогда звёздам служащие / звездою были научены / поклоняться Тебе, Солнцу Правды, / и познавать Тебя, Зарю свыше, – // Господи, слава Тебе!
<h5>Кондак Рождества Христова, глас 3.</h5>
Ныне Дева Сверхсущностного рождает, / земля же пещеру Неприступному предлагает; / ангелы с пастухами хвалы возносят, / волхвы же со звездою свой путь свершают; / ведь ради нас родился // Младенец – превечный Бог!<div class=""media""><a href=""/typo3conf/ext/orthodox/Resources/Public/Audio/rozhdestvo.mp3"" target=""_blank"">Тропарь</a></div><br/><a href=""http://psmb.ru/audio/bogosluzhebnye-pesnopenija/statja/tropari-dvunadesjatykh-prazdnikov/"">Прослушать тропари двунадесятых праздников (аудио)</a>",Рождество Христово,,209,Mt3,"Гал., 209 зач., IV, 4-7.","Мф., 3 зач., II, 1-12.",#N/A
26/12,,,Богородице,,306;Mt4,,,,,,,,Собор Пресвятой Богородицы,,306,Mt4,"Евр., 306 зач., II, 11-18.","Мф., 4 зач., II, 13-23.",#N/A
25/12+6,,#TP1<i>Суббота по Рождестве Христовом</i>,Субботы по Рождестве Христовом,,288;Mt46b,,,,,,,,,,288,Mt46b,"1 Тим., 288 зач., VI, 11-16.","Мф., 46 зач., XII, 15-21.",#N/A
25/12+0,,"#TP1<i>Неделя по Рождестве Христовом, богоотцев.</i> 
#TP1Прав. <a  class=""main"" href=""http://www.holytrinityorthodox.com/ru/calendar/los/Epiphany/e12261-02.htm"">Иосифа</a> Обручника, <a  class=""main"" href=""http://www.holytrinityorthodox.com/ru/calendar/los/Epiphany/e12261-03.htm"">Давида</a> царя и <a  class=""main"" href=""http://www.holytrinityorthodox.com/ru/calendar/los/Epiphany/e12261-04.htm"">Иакова</a>, брата Господня (<i>переходящее празднование в Неделю по Рождестве Христовом</i> ).",Недели по Рождестве Христовом,,200;Mt4,,,,,,,,,,200,Mt4,"Гал., 200 зач., I, 11-19.","Мф., 4 зач., II, 13-23.",#N/A
27/12,,,Первомученику,,17;Mt87,,,,,,,,"Святого Апостола, первомученика и архидиакона Стефана",,17,Mt87,"Деян., 17 зач., VI, 8 - VII, 5; 47-60.","Мф., 87 зач., XXI, 33-42.",#N/A
28/12,,,Мученикам,,96b;Lk51b,,,,,,,,20 000 мучеников Никомидийских,,96b,Lk51b,"Рим., 96 зач., VIII, 3-9.","Лк., 51 зач., X, 19-21.",#N/A
29/12,,,Святым младенцам,,180;Mt4,,,,,,,,Св. младенцев от Ирода избиенных,,180,Mt4,"2 Кор., 180 зач., V, 15-21.","Мф., 4 зач., II, 13-23.",#N/A
30/12,,,Святителю,,318a;Jh36,,,,,,,,,,318a,Jh36,"Евр., 318 зач., VII, 26 - VIII, 2.","Ин., 36 зач., X, 9-16.",#N/A
31/12,,,,,,,,,,,,,Отдание Рождества Христова,,,,#N/A,#N/A,#N/A
01/01,,,Обрезанию,Jh36,254;Lk6,,,,,,,,Обрезание Господне,,254,Lk6,"Кол., 254 зач., II, 8-12.","Лк., 6 зач., II, 20-21, 40-52.",#N/A
01/01,,,Святителю,,318a;Lk24,,,,,,,"<h5>Тропарь свт. Василию Великому, глас 1.</h5>
<p>Разнёсся голос твой по всей земле, при´нявшей слово твоё,/ которым ты о Боге достойно учил,/ природу сущего прояснил и нравы людей ис­правил./ Царственное священство, отче преподобный,// моли´ Христа Бога о спасении душ наших.</p>
<h5>Кондак свт. Василию Великому, глас 4.</h5>
<p>Ты стал непоколеби´мым основанием церкви,/ всех людей неотъемлемым достоинством наделив/ и утвердив его учением своим,/ о праведный Василий,// тáинства небес открывший.</p>",Святителя Василия Великикого,,318a,Lk24,"Евр., 318 зач., VII, 26 - VIII, 2.","Лк., 24 зач., VI, 17-23.",#N/A
06/01-6,,#TP1<i>Суббота пред Богоявлением</i>,Субботы пред Богоявлением,,284;Mt5,143c;Lk9,,,,,143c;Mk2b,,,,284,Mt5,"1 Тим., 284 зач., III, 14 - IV, 5.","Мф., 5 зач., III, 1-11.",#N/A
06/01-0,,#SR#TP1<i>Неделя пред Богоявлением</i>,Недели пред Богоявлением,,298;Mk1,,,,,,,,,,298,Mk1,"2 Тим., 298 зач., IV, 5-8.","Мк., 1 зач., I, 1-8.",#N/A
02/01,,,Преподобному,Mt43,213;Lk24,,,,,,,,Преставление преподобного Серафима Саровского,,213,Lk24,"Гал., 213 зач., V, 22 - VI, 2.","Лк., 24 зач., VI, 17-23.",#N/A
03/01,,,Мученику,,292;Mt36,,,,,,,,,,292,Mt36,"2 Тим., 292 зач., II, 1-10.","Мф., 36 зач., X, 16-22.",#N/A
04/01,,,Святым,,96a;Lk50a,,,,,,,,Собор святых семидесяти Апостолов,,96a,Lk50a,"Рим., 96 зач., VIII, 2-13.","Лк., 50 зач., X, 1-15.",#N/A
05/01-w,,#SR#TP1<i>Навечерие Богоявления (Крещенский сочельник).</i>,Навечерия Богоявлению,,143a/143b;Lk9,,33;Mt5,42;Mk1,91;Mk2a,302a;Mt6,143c;Mk2b,,Навечерие Богоявления,,143a/143b,Lk9,#N/A,"Лк., 9 зач., III, 1-18.",#N/A
06/01,,,Богоявления,Mk2b,302a;Mt6,,,,,,143c;Mk2b,"<h5>Тропарь Богоявлению, глас 1.</h5>
Когда во Иордане крестился Ты, Господи,/ открылось поклонение Троице,/ ибо голос Родителя свидетельствовал о Тебе,/ возлюб­ленным Сыном Тебя называя,/и Дух в образе го́рли­цы/ незыбле­мость этих слов подтвердил./ Явил­­ся Ты, Христе Боже,// и мир просветил – слава Тебе!
<h5>Кондак Богоявлению, глас 4.</h5>
Ныне явился Ты всей земле,/ и Свет Твой, Го­споди, запечатлелся на нас,/ познавших Тебя и воспевающих:/ «Пришёл Ты и явил Себя,// Свет неприступный!»<div class=""media""><a href=""/typo3conf/ext/orthodox/Resources/Public/Audio/bogojavlenije.mp3"" target=""_blank"">Тропарь</a></div><br/><a href=""http://psmb.ru/audio/bogosluzhebnye-pesnopenija/statja/tropari-dvunadesjatykh-prazdnikov/"">Прослушать тропари двунадесятых праздников (аудио)</a>",Святое Богоявление,,302a,Mt6,"Тит., 302 зач., II, 11-14; III, 4-7.","Мф., 6 зач., III, 13-17.",#N/A
07/01,,,Иоанну Предтече,,42;Jh3,,,,,,,,Собор Иоанна Предтечи,,42,Jh3,"Деян., 42 зач., XIX, 1-8.","Ин., 3 зач., I, 29-34.",#N/A
06/01+6,,#TP0<i>Суббота по Богоявлении.</i> <br> #TP1Прп. Пахомия Кенского (XVI) (<i>переходящее празднование в субботу по Богоявлении</i>).,Субботы по Богоявлении,,233;Mt7,,,,,,,,,,233,Mt7,"Еф., 233 зач., VI, 10-17.","Мф., 7 зач., IV, 1-11.",#N/A
06/01+0,,#TP0<i>Неделя по Богоявлении.</i> ,Недели по Богоявлении,,224b;Mt8,,,,,,,,,,224b,Mt8,"Еф., 224 зач., IV, 7-13.","Мф., 8 зач., IV, 12-17.",#N/A
09/01,,,Святителю,Lk24,335;Jh36,,,,,,,,"Святителя Филиппа, митрополита Московского",,335,Jh36,"Евр., 335 зач., XIII, 17-21.","Ин., 36 зач., X, 9-16.",#N/A
10/01,,,Святителю,,151;Mt34b,,,,,,,,"святителя Григория, епископа Нисского",,151,Mt34b,"1 Кор., 151 зач., XII, 7-11.","Мф., 34 зач., X, 1, 5-8.",#N/A
10/01,,,Святителю,Jh35b,318a;Jh36,,,,,,,,"Святителя Феофана, Затворника Вышенского",,318a,Jh36,"Евр., 318 зач., VII, 26 - VIII, 2.","Ин., 36 зач., X, 9-16.",#N/A
11/01,,,Преподобному,Lk24,176;Mt43,,,,,,,,"Преподобного Феодосия, общежитий начальника",,176,Mt43,"2 Кор., 176 зач., IV, 6-15.","Мф., 43 зач., XI, 27-30.",#N/A
13/01,,,Преподобному,,99;Lk24,,,,,,,,,,99,Lk24,"Рим., 99 зач., VIII, 28-39.","Лк., 24 зач., VI, 17-23.",#N/A
14/01,,,Отданию Богоявления,Mt34b,131;Mt104,,,,,,,,"Отдание Богоявления. Равноапостольной Нины, просветительницы Грузии",,131,Mt104,"1 Кор., 131 зач., IV, 9-16.","Мф., 104 зач., XXV, 1-13.",#N/A
15/01,,,Преподобному,,213;Mt43,,,,,,,,,,213,Mt43,"Гал., 213 зач., V, 22 - VI, 2.","Мф., 43 зач., XI, 27-30.",#N/A
16/01,,,Апостолу,,29;Jh67,,,,,,,,Поклонение веригам Апостола Петра,,29,Jh67,"Деян., 29 зач., XII, 1-11.","Ин., 67 зач., XXI, 15-25.",#N/A
17/01,,,Преподобному,Mt43,335;Lk24,,,,,,,,Преподобного Антония Великого,,335,Lk24,"Евр., 335 зач., XIII, 17-21.","Лк., 24 зач., VI, 17-23.",#N/A
18/01,,,Святителю,,334;Mt11,,,,,,,,,,334,Mt11,"Евр., 334 зач., XIII, 7-16.","Мф., 11 зач., V, 14-19.",#N/A
19/01,,,Преподобному,,213;Mt43,,,,,,,,,,213,Mt43,"Гал., 213 зач., V, 22 - VI, 2.","Мф., 43 зач., XI, 27-30.",#N/A
20/01,,,Преподобному,Mt43,335;Lk24,,,,,,,,Преподобного Евфимия Великого,,335,Lk24,"Евр., 335 зач., XIII, 17-21.","Лк., 24 зач., VI, 17-23.",#N/A
21/01,,,Преподобному и мученику,,330;Lk64,,,,,,,,,,330,Lk64,"Евр., 330 зач., XI, 33 - XII, 2.","Лк., 64 зач., XII, 8-12.",#N/A
21/01,,,Или преподобному Максиму Греку,,213;Lk24,,,,,,,,,,213,Lk24,"Гал., 213 зач., V, 22 - VI, 2.","Лк., 24 зач., VI, 17-23.",#N/A
22/01,,,Апостолу,,290b;Lk50a,,,,,,,,,,290b,Lk50a,"2 Тим., 290 зач., I, 3-9.","Лк., 50 зач., X, 1-15.",#N/A
25/01~0,,"#TP5Собор новомучеников и исповедников Церкви Русской  (<i>переходящее празднование в неделю, ближайшую к 25 января</i>).",Новомученикам,,99;Lk105y,,,,,,,,,,99,Lk105z,"Рим., 99 зач., VIII, 28-39.","Лк., 105-106 зач., XXI, 8-9, 12-19, 25-27, 33-36.",#N/A
24/01,,,Блаженной,Mt43,213;Lk24,,,,,,,,Блаженной Ксении Петербургской,,213,Lk24,"Гал., 213 зач., V, 22 - VI, 2.","Лк., 24 зач., VI, 17-23.",#N/A
25/01,,,Святителю,Jh35b,151;Jh36,,,,,,,,Святителя Григория Богослова,,151,Jh36,"1 Кор., 151 зач., XII, 7-11.","Ин., 36 зач., X, 9-16.",#N/A
25/01,,,Священномученику,,334;Jh36,,,,,,,,,,334,Jh36,"Евр., 334 зач., XIII, 7-16.","Ин., 36 зач., X, 9-16.",#N/A
26/01,,,Святителю,Jh35b,318a;Jh36,,,,,,,,,,,,,,
27/01,,,Святителю,Jh35b,318a;Jh36,,,,,,,,Перенесение мощей святителя Иоанна Златоуста,,318a,Jh36,"Евр., 318 зач., VII, 26 - VIII, 2.","Ин., 36 зач., X, 9-16.",#N/A
28/01,,,Преподобному,,213;Mt43,,,,,,,,,,,,,,
29/01,,,Священномученику,,311a;Mk41,,,,,,,,,,311a,Mk41,"Евр., 311 зач., IV, 14 - V, 6.","Мк., 41 зач., IX, 33-41.",#N/A
30/01,,,Святителям,Jh36,334;Mt11,,,,,,,,"Собор святителей Василия Великого, Григория Богослова и Иоанна Златоуста",,334,Mt11,"Евр., 334 зач., XIII, 7-16.","Мф., 11 зач., V, 14-19.",#N/A
31/01,,,Святителю,,318a;Jh36,,,,,,,,,,335,Jh36,"Евр., 335 зач., XIII, 17-21.","Ин., 36 зач., X, 9-16.",#N/A
31/01,,,Бессеребреникам,,153;Mt34b,,,,,,,,,,153,Mt34b,"1 Кор., 153 зач., XII, 27 - XIII, 8.","Мф., 34 зач., X, 1, 5-8.",#N/A
01/02,,,Мученику,,99;Lk51b,,,,,,,,,,99,Lk51b,"Рим., 99 зач., VIII, 28-39.","Лк., 51 зач., X, 19-21.",#N/A
02/02,,,Сретению,Lk8a,316;Lk7,,,,,,,"<h5>Тропарь Сретение Господне, глас 1</h5>
Радуйся, благодатная Богородица Дева, / ибо из Тебя воссияло Солнце Правды - Христос Бог наш, / просвещая пребывающих во тьме. / Веселись же и ты, старец праведный. / при́нявший во объятия Освободителя душ наших, // дару́ющего нам воскресение.
<h5>Кондак Сретение Господне, глас 1</h5>
Утробу Девы Ты освяти́л рождением Своим/ и руки Симеона благословил, как надлежало,/ Ты же и ныне поспешил спасти нас, Христе Боже,/ так дару́й мир воюющему обществу/ и укрепи правителей, которых возлюбил,// один столь человеколюбивый.<div class=""media""><a href=""/typo3conf/ext/orthodox/Resources/Public/Audio/sretenije.mp3"" target=""_blank"">Тропарь</a></div><br/><a href=""http://psmb.ru/audio/bogosluzhebnye-pesnopenija/statja/tropari-dvunadesjatykh-prazdnikov/"">Прослушать тропари двунадесятых праздников (аудио)</a>",Сретение Господне,,316,Lk7,"Евр., 316 зач., VII, 7-17.","Лк., 7 зач., II, 22-40.",#N/A
03/02,,,Праведным,,321b;Lk8b,,,,,,,,Праведных Симеона Богоприимца и Анны пророчицы,,321b,Lk8b,"Евр., 321 зач., IX, 11-14.","Лк., 8 зач., II, 25-38.",#N/A
05/02,,,Святителю,Jh36,335;Lk24,,,,,,,,"Святителя Феодосия, архиепископа Черниговского",,335,Lk24,"Евр., 335 зач., XIII, 17-21.","Лк., 24 зач., VI, 17-23.",#N/A
08/02,,,Великомученику,,292;Mt36,,,,,,,,Великомученика Феодора Стратилата,,292,Mt36,"2 Тим., 292 зач., II, 1-10.","Мф., 36 зач., X, 16-22.",#N/A
12/02,,,Богоматери,Lk4,240;Lk54,,,,,,,,Иверской иконы Божией Матери,,240,Lk54,"Флп., 240 зач., II, 5-11.","Лк., 54 зач., X, 38-42; XI, 27-28.",#N/A
12/02,,,Святителю,Jh36,335;Lk24,,,,,,,,"Святителя Алексия, московского чудотворца",,335,Lk24,"Евр., 335 зач., XIII, 17-21.","Лк., 24 зач., VI, 17-23.",#N/A
16/02,,,Преподобному,,213;Mt43,,,,,,,,,,,,,,
17/02,,,Великомученику,,292;Jh52,,,,,,,,Великомученика Феодора Тирона,,292,Jh52,"2 Тим., 292 зач., II, 1-10.","Ин., 52 зач., XV, 17 - XVI, 2.",#N/A
17/02,,,Священномученику,Jh35b,335;Jh36,,,,,,,,,,176,Mt40,"2 Кор., 176 зач., IV, 6-15.","Мф., 40 зач., XI, 2-15.",#N/A
24/02,,,Иоанну Предтече,Lk31,176;Mt40,,,,,,,,Первое и второе обретение главы святого Иоанна Предтечи,,331a,Mt80,"Евр., 331 зач., XII, 1-10.","Мф., 80 зач., XX, 1-16.",#N/A
24/02,,,За упокой,,270;Jh16,,,,,,,,,,306,Lk3a,"Евр., 306 зач., II, 11-18.","Лк., 3 зач., I, 24-38.",#N/A
03/03,,,Преподобному,,213;Mt43,,,,,,,,,,29,Jh52,"Деян., 29 зач., XII, 1-11.","Ин., 52 зач., XV, 17 - XVI, 2.",#N/A
08/03,,,Мученикам,,,1019;1020;1021,,,,,,,,,131,Mt56,"1 Кор., 131 зач., IV, 9-16.","Мф., 56 зач., XIII, 54-58.",#N/A
09/03,,,Мученикам,Lk106,331a;Mt80,,,,,,,,,,29,Lk17,"Деян., 29 зач., XII, 1-11.","Лк., 17 зач., V, 1-11.",#N/A
25/03,,,Благовещению,Lk4,306;Lk3a,1097;1098,,,,,,"<h5>Тропарь Благовещение всесвятой Богородицы, глас 4</h5>
Ныне спасения нашего начáло / и извечной Тайны откровение: / Сын Божий Сыном Девы становится / и Гавриил благодать благовествýет. / Посему и мы с ним Богородице возгласим: / Радуйся, Благодатная, / Господь с Тобою!
<h5>Кондак, глас 8.</h5>
Необóрной Воеводе песнь победную, / как спасённый от напáсти речь хвалебную / воссылает Тебе град Твой, Богородица! / Но, имеющая власть непобедимую, / отврати от нас все беды, чтоб свободно нам / воспевать Тебе: Радуйся Невеста неневéстная!<div class=""media""><a href=""/typo3conf/ext/orthodox/Resources/Public/Audio/blagoveshanije.mp3"" target=""_blank"">Тропарь</a></div><br/><a href=""http://psmb.ru/audio/bogosluzhebnye-pesnopenija/statja/tropari-dvunadesjatykh-prazdnikov/"">Прослушать тропари двунадесятых праздников (аудио)</a>",Благовещение Пресвятой Богородицы,,156,Lk14,"1 Кор., 156 зач., XIV, 20-25.","Лк., 14 зач., IV, 22-30.",#N/A
23/04,,,Мученику,Lk63,29;Jh52,,,,,,,,Святого великомученика Георгия Победоносца,,99,Jh52,"Рим., 99 зач., VIII, 28-39.","Ин., 52 зач., XV, 17 - XVI, 2.",#N/A
25/04,,,Апостолу,Lk50a,63;Mk23,,,,,,,,Святого Апостола и Евангелиста Марка,,334,Mt43,"Евр., 334 зач., XIII, 7-16.","Мф., 43 зач., XI, 27-30.",#N/A
27/04,,,Апостолу,,131;Mt56,,,,,,,,"Апостола и священномученика Симеона, епископа Иерусалимского, родственника Господня по плоти",,125a,Jh60,"1 Кор., 125 зач., I, 18-24.","Ин., 60 зач., XIX, 6-11, 13-20, 25-28, 30-35.",#N/A
30/04,,,Апостолу,Jh67,29;Lk17,,,,,,,,Святого Апостола Иакова Зеведеева.,,68b,Jh61b,"1 Ин., 68 зач., I, 1-7.","Ин., 61 зач., XIX, 25-27; XXI, 24-25.",#N/A
01/05,,,Пророку,,156;Lk14,,,,,,,,Пророка Иеремии,,335,Lk24,"Евр., 335 зач., XIII, 17-21.","Лк., 24 зач., VI, 17-23.",#N/A
02/05,,,Святителю,Lk106,318a;Mt11,,,,,,,,Перенесение мощей благоверных князей Бориса и Глеба,,131,Mt56,"1 Кор., 131 зач., IV, 9-16.","Мф., 56 зач., XIII, 54-58.",#N/A
02/05,,,Благоверным князьям,,99;Jh52,,,,,,,,,,,,,,
03/05,,,Преподобному,Lk24,334;Mt43,,,,,,,,,,,,,,
07/05,,,Кресту,,125b;Jh60,,,,,,,,Воспоминание явления на небе Креста Господня в Иерусалиме в 351 году,,335,Jh36,"Евр., 335 зач., XIII, 17-21.","Ин., 36 зач., X, 9-16.",#N/A
08/05,,,Апостолу,Jh67,68b;Jh61b,,,,,,,,,,292,Jh52,"2 Тим., 292 зач., II, 1-10.","Ин., 52 зач., XV, 17 - XVI, 2.",#N/A
09/05,,,Святителю,Jh35b,335;Lk24,,,,,,,,,,335,Lk24,"Евр., 335 зач., XIII, 17-21.","Лк., 24 зач., VI, 17-23.",#N/A
10/05,,,Апостолу,Jh67,131;Mt56,,,,,,,,,,,,,,
11/05,,,Равноапостольным,Jh36,318a;Mt11,,,,,,,,,,,,,,
12/05,,,Святителям,Jh35b,318a;Mt11,,,,,,,,,,,,,,
12/05,,,Священномученику,,335;Jh36,,,,,,,,,,,,,,
15/05,,,Преподобному,,176;Lk77,,,,,,,,,,,,,,
19/05+0,,#TP0Собор мученников Холмских и Подляшских (<i>переходящее празднование в 1-е воскресение после 19 мая</i>).,,,,,,,,,,,,,334,Mt11,"Евр., 334 зач., XIII, 7-16.","Мф., 11 зач., V, 14-19.",#N/A
19/05,,,Благоверному князю,Mt43,213;Lk24,,,,,,,,,,,,,,
20/05,,,Святителю,,335;Lk24,,,,,,,,,,,,,,
21/05,,,Равноапостольным,,49;Jh35b,,,,,,,,,,,,,,
21/05,,,Богородице,Lk4,240;Lk54,,,,,,,,,,,,,,
23/05,,"Святителя Леонтия, епископа Ростовского",Святителю,,318b;Mt11,,,,,,,,,,213,Lk24,"Гал., 213 зач., V, 22 - VI, 2.","Лк., 24 зач., VI, 17-23.",#N/A
23/05,,,Предтече,Lk31,176;Mt40,,,,,,,,,,335,Jh36,"Евр., 335 зач., XIII, 17-21.","Ин., 36 зач., X, 9-16.",#N/A
24/05,,,Преподобному,,258;Mt43,,,,,,,,,,,,,,
29/05,,,Святителю,Lk64,233;Lk64,,,,,,,,,,,,,,
12/06,,,Преподобному,,213;Mt43,,,,,,,,,,,,,,
14/06,,,Пророку,,57a;Lk14,,,,,,,,,,318a,Jh36,"Евр., 318 зач., VII, 26 - VIII, 2.","Ин., 36 зач., X, 9-16.",#N/A
15/06,,,Святителю,Jh35b,335;Jh36,,,,,,,,,,,,,,
17/06,,,Мученику,,233;Lk106,,,,,,,,,,,,,,
18/06,,,Богородице,Lk4,240;Lk54,,,,,,,,,,,,,,
18/06,,,Мученику,,29;Jh52,,,,,,,,,,,,,,
18/06+0,,"#TP0<a  class=""main"" href=""http://www.holytrinityorthodox.com/ru/calendar/los/Epiphany/e06181.htm"">Коробейниковской-Казанской</a> иконы Божией Матери (<i>переходящее празднование в 1-е воскресенье после 18 июня</i>).",,,,,,,,,,,,,240,Lk54,"Флп., 240 зач., II, 5-11.","Лк., 54 зач., X, 38-42; XI, 27-28.",#N/A
19/06,,,Апостолу,Jh67,77;Jh48b,,,,,,,,,,,,,,
19/06~6,,"#TP1Свт. <a  class=""main"" href=""http://www.holytrinityorthodox.com/ru/calendar/los/Epiphany/e06167.htm"">Иоанна</a>, Шанхайского и Сан-Францисского Чудотворца (<i>переходящее празднование в ближайшую субботу к 19 июня</i> ).",Святителю,Jh35b,318a;Jh36,,,,,,,,,,240,Lk54,"Флп., 240 зач., II, 5-11.","Лк., 54 зач., X, 38-42; XI, 27-28.",#N/A
21/06,,,Преподобному,,213;Lk24,,,,,,,,,,,,,,
21/06,,,Мученику,,233;Lk104,,,,,,,,,,,,,,
22/06,,,Преподобному,,213;Lk24,,,,,,,,,,,,,,
23/06,,,Богородице,Lk4,240;Lk54,,,,,,,,,,,,,,
24/06,,,Предтече,Lk3b,112;Lk1,,,,,,,,,,,,,,
25/06,,,Преподобномученице,,181;Lk33,,,,,,,,,,,,,,
25/06,,,Благоверному князю,,213;Mt10a,,,,,,,,,,213,Lk24,"Гал., 213 зач., V, 22 - VI, 2.","Лк., 24 зач., VI, 17-23.",#N/A
26/06,,,Богородице,Lk4,240;Lk54,,,,,,,,,,,,,,
27/06,,,Преподобному,,213;Lk67,,,,,,,,,,,,,,
27/06+0,,"#TP1Прмч. Неофита, Ионы, Неофита, Ионы и Парфения Липсийских (<i>переходящие празднования в 1-е воскресенье после 27 июня</i> ).",,,,,,,,,,,,,193,Mt67a,"2 Кор., 193 зач., XI, 22 - XII, 9.","Мф., 67 зач., XVI, 13-19.",#N/A
28/06,,,Богородице,Lk4,240;Lk54,,,,,,,,,,,,,,
29/06+0,,"#TP1Прпп. Тихона, Василия и Никона, Соколовских (XVI) (<i>переходящие празднования в 1-е воскресенье после 29 июня</i> ).
#TP1Свт. <a  class=""main"" href=""http://www.holytrinityorthodox.com/ru/calendar/los/Epiphany/e06291.htm"">Арсения</a>, еп. Тверского (<i>переходящие празднования в 1-е воскресенье после 29 июня</i> ).
#TP1Собор Тверских святых (<i>переходящие празднования в 1-е воскресенье после 29 июня</i> ).",,,,,,,,,,,,,131,Mk12,"1 Кор., 131 зач., IV, 9-16.","Мк., 12 зач., III, 13-19.",#N/A
29/06,,,Апостолам,Jh67,193;Mt67a,,,,,,,"<h5>Тропарь апостолов Петра и Павла, глас 4.</h5>
Старшие среди апостолов / и всей земли учи´тели / ходáтайствуйте пред Владыкой всего, / дабы даровáл Он всей земле мир // и дýшам нашим милость великую.",,,99,Jh52,"Рим., 99 зач., VIII, 28-39.","Ин., 52 зач., XV, 17 - XVI, 2.",#N/A
30/06,,Собор двенадцати Апостолов,Апостолам,,131;Mk12,,,,,,,,,,334,Lk24,"Евр., 334 зач., XIII, 7-16.","Лк., 24 зач., VI, 17-23.",#N/A
01/07,,"Бессребреников и чудотворцев Космы и Дамиана, в Риме пострадавших",Бессеребреникам,,153;Mt34b,,,,,,,,,,213,Lk24,"Гал., 213 зач., V, 22 - VI, 2.","Лк., 24 зач., VI, 17-23.",#N/A
02/07,,Положение ризы Пресвятой Богородицы во Влахерне,Богородице,,320;Lk54,,,,,,,,,,240,Lk54,"Флп., 240 зач., II, 5-11.","Лк., 54 зач., X, 38-42; XI, 27-28.",#N/A
03/07,,,Святителю,Jh35a,335;Jh36,,,,,,,,,,,,,,
04/07,,,Страстотерпцам,Mt36,99;Jh52,,,,,,,,,,,,,,
04/07,,,Святителю,,318b;Mt21,,,,,,,,,,,,,,
05/07,,,Преподобному,Mt43,213;Lk24,,,,,,,,,,,,,,
05/07,,,Преподобномученицам,,181;Mt62,,,,,,,,,,,,,,
06/07,,,Преподобному,Mt43,213;Lk24,,,,,,,,,,,,,,
06/07,,,Преподобномученице,,181;Mt62,,,,,,,,,,,,,,
07/07,,,Преподобной,,208a;Mt104,,,,,,,,,,,,,,
08/07,,,Богородице,Lk112,240;Lk54,,,,,,,,,,,,,,
10/07,,,Ризы,Mt112,125a;Mk67a,,,,,,,,,,,,,,
10/07,,,Преподобному,,213;Mt10a,,,,,,,,,,,,,,
11/07,,Великомученицы Евфимии Всехвальной,Великомученицы,,181;Lk33,,,,,,,,,,213,Lk24,"Гал., 213 зач., V, 22 - VI, 2.","Лк., 24 зач., VI, 17-23.",#N/A
12/07,,,Богородице,Lk4,240;Lk54,,,,,,,,,,57a,Lk14,"Иак., 57 зач., V, 10-20.","Лк., 14 зач., IV, 22-30.",#N/A
13/07,,Собор Архангела Гавриила,Архангелу,,305;Lk51a,,,,,,,,,,141,Lk34,"1 Кор., 141 зач., IX, 2-12.","Лк., 34 зач., VIII, 1-3.",#N/A
14/07,,,Мученикам,,154b;Lk51b,,,,,,,,,,,,,,
15/07,,,Равноапостольному,,200;Jh35b,,,,,,,,,,320,Lk54,"Евр., 320 зач., IX, 1-7.","Лк., 54 зач., X, 38-42; XI, 27-28.",#N/A
16/07~0,,"#TP0Память <a  class=""main"" href=""http://www.holytrinityorthodox.com/ru/calendar/los/Epiphany/e07171.htm"">свв. отцев шести Вселенских Соборов</a> (<i>переходящее в неделю, ближайшую к 16 июля</i> ).",Отцам,,334;Jh56,,,,,,,,,,99,Jh52,"Рим., 99 зач., VIII, 28-39.","Ин., 52 зач., XV, 17 - XVI, 2.",#N/A
17/07,,,Великомученице,,181;Lk33,,,,,,,,,,,,,,
19/07,,,Преподобному,Mt43,213;Lk24,,,,,,,,,,,,,,
20/07,,,Пророку,Lk14,57a;Lk14,,,,,,,,,,292,Jh52,"2 Тим., 292 зач., II, 1-10.","Ин., 52 зач., XV, 17 - XVI, 2.",#N/A
22/07,,,Равноапостольной,,141;Lk34,,,,,,,,,,240,Lk54,"Флп., 240 зач., II, 5-11.","Лк., 54 зач., X, 38-42; XI, 27-28.",#N/A
23/07,,,Богородице,Lk4,320;Lk54,,,,,,,,,,116,Mt69,"Рим., 116 зач., XV, 1-7.","Мф., 69 зач., XVI, 24-28.",#N/A
24/07,,,Благоверным князьям,Lk106,99;Jh52,,,,,,,,,,,,#N/A,#N/A,#N/A
24/07,,,Мученице,,181;Lk33,,,,,,,,,,,,,,
25/07,,,Праведной,,210c;Lk36,,,,,,,,,,"125a и святым, ",Jh60,#N/A,"Ин., 60 зач., XIX, 6-11, 13-20, 25-28, 30-35.",#N/A
26/07,,,Преподобному,,213;Lk24,,,,,,,,,,,,,,
27/07,,,Великомученику,Lk106,292;Jh52,,,,,,,,,,зачало 330,Mt38b,#N/A,"Мф., 38 зач., X, 32-36; XI, 1.",#N/A
28/07,,,Богородице,Lk4,240;Lk54,,,,,,,,,,Jh14b,,#N/A,#N/A,#N/A
28/07,,,Святителю,,335;Lk24,,,,,,,,,,,,,,
30/07,,,Мученику,,116;Mt69,,,,,,,,,,17,Mt87,"Деян., 17 зач., VI, 8 - VII, 5; 47-60.","Мф., 87 зач., XXI, 33-42.",#N/A
28/07-0,,#TP1Собор Смоленских святых (<i>переходящее празднование в воскресенье перед 28 июля</i> ).,,,,,,,,,,,,,65,Mt70,"2 Петр., 65 зач., I, 10-19.","Мф., 70 зач., XVII, 1-9.",#N/A
31/07,,,Праведной,,213;Mt43,,,,,,,,,,,,,,
01/08,,#SR,Кресту,,125a;Jh60,,,,,,306;Jh14b,,,,рядовое и святителю зачало 318a,Jh36,#N/A,"Ин., 36 зач., X, 9-16.",#N/A
01/08,,,Мученицам,,330;Mt38b,,,,,,,,,,,,,,
02/08,,,Первомученику,,17;Mt87,,,,,,,,,,Mt11,,#N/A,#N/A,#N/A
02/08,,,Блаженной,,213;Mt43,,,,,,,,,,,,,,
03/08,,,Преподобному,,213;Lk24,,,,,,,,,,,,,,
06/08,,,Преображения,Lk45,65;Mt70,,,,,,,"<h5>Тропарь Преображения Господня, глас 7</h5>
Преобразился Ты на горе, Христе Боже, / явив ученикам Своим Славу Свою, / насколько вмещали они. / Да воссияет и нам, грешным, / Свет Твой вечный / по ходатайству Богородицы. // Света Податель, слава Тебе!
<h5>Кондак Преображения Господня, глас 7</h5>
На горе преобразился Ты, / и, насколько вмещали ученики Твои, / они Славу Твою, Христе Боже, видели; / дабы когда тебя увидят распинаемым, / знали, что страдание Твоё - добровольное, / и миру возвестили, // что Ты воистину Отчее Сияние.<div class=""media""><a href=""/typo3conf/ext/orthodox/Resources/Public/Audio/preobrazhenije.mp3"" target=""_blank"">Тропарь</a></div><br/><a href=""http://psmb.ru/audio/bogosluzhebnye-pesnopenija/statja/tropari-dvunadesjatykh-prazdnikov/"">Прослушать тропари двунадесятых праздников (аудио)</a>",,,,,#N/A,#N/A,#N/A
07/08,,,Святителю,Jh35b,318a;Jh36,,,,,,,,,,,,,,
07/08,,,Преподобномученику,,233;Jh52,,,,,,,,,,,,,,
09/08,,,Апостолу,Jh67,2;Lk40,,,,,,,,,,,,,,
13/08,,,Святителю,Jh36,318a;Mt11,,,,,,,,,,,,,,
14/08,,,Преподобному,,213;Lk24,,,,,,,,,,,,,,
15/08,,,Успения,Lk4,240;Lk54,,,,,,,"<h5>Тропарь Успения Всесвятой Богородицы, глас 1.</h5>
Когда рождала, девство сохранила Ты, / а когда почила, не оставила Ты мира, Богородица. / Перешла Ты к жизни, будучи Матерью Жизни, // и ходатайством Твоим избавляешь от смерти души наши.
<h5>Кондак Успения Всесвятой Богородицы, глас 2.</h5>
Богородицу, в молениях неустанную / и в ходатайствах надежду неизменную, / гроб и омертвение не удержали, / ибо к жизни перенёс Её, как Матерь Жизни, // Вселившийся в Её утробу вечнодевственную.",,,,,#N/A,#N/A,#N/A
16/08,,,Образа,,250;Lk48b,,,,,,,,,,,,,,
18/08,,,Мученикам,,233;Lk63,,,,,,,,,,,,,,
19/08,,,Мученику,,233;Lk106,,,,,,,,,,,,,,
23/08,,,Богородице,,240;Lk54,,,,,,,,,,240,Lk54,"Флп., 240 зач., II, 5-11.","Лк., 54 зач., X, 38-42; XI, 27-28.",#N/A
24/08,,,Святителю,,318a;Jh36,,,,,,,,,,33,Mk24,"Деян., 33 зач., XIII, 25-32.","Мк., 24 зач., VI, 14-30.",#N/A
25/08,,,Апостолу,,300a;Mt11,,,,,,,,,,213,Mt43,"Гал., 213 зач., V, 22 - VI, 2.","Мф., 43 зач., XI, 27-30.",#N/A
26/08-0,,"#TP1Собор Московских святых (<i>переходящее празднование в воскресенье перед 26-м августа, Московская Патриархия</i>).",,,,,,,,,,,,,,,#N/A,#N/A,#N/A
26/08+0,,#TP1Собор Нижнегородских святых (<i>переходящее празднование в 1-е воскресенье после 26 августа</i>).,,,,,,,,,,,,,320,Lk54,"Евр., 320 зач., IX, 1-7.","Лк., 54 зач., X, 38-42; XI, 27-28.",#N/A
26/08,,,Богородице,,240;Lk54,,,,,,,,,,,,#N/A,#N/A,#N/A
27/08,,,Преподобному,,213;Mt10a,,,,,,,,,,,,,,
28/08,,,Преподобным,,213;Lk24,,,,,,,,,,,,,,
29/08,,,Предтече,Mt57,33;Mk24,,,,,,,"<h5>Тропарь Усекновения главы пророка, Предтечи и Крестителя Господня Иоанна, глас 2</h5>
Память праведника – в хвалебных песнях, / а тебе, Предтеча, достаточно свидетельства Господа: / ты воистину стал сла́внейшим из пророков, / ибо удостоился крестить в стру́ях [Иордана тобою] пропове́данного. / Посему, с радостью пострадав за истину, ты благовествова́л и бывшим во аде / о явившемся во пло́ти Боге, // взявшем на Себя грех мира и дару́ющем нам милость великую.

<h5>Кондак Усекновения главы пророка, Предтечи и Крестителя Господня Иоанна, глас 2</h5>
О пророк Божий и Предтеча благодати Христовой, / обретя́ в земле главу́ твою, словно священный плод шиповника, / мы всегда получаем исцеление, / ибо ты, как и прежде, // возвещаешь в мире покаяние.

<h5>Величание</h5>
Величаем тебя, / Иоанна, / Спасителя крести́вшего, / и почитаем святой главы твоей // усекновение.

<h5>Прокимен на утрене, глас 4</h5>
Дорога́ в очах Господних / смерть святых Его!<br>
Стих: Что воздам Господу за все благодея́ния Его ко мне?!",,,,,#N/A,#N/A,#N/A
30/08,,,Благоверному князю,Mt43,213;Mt43,,,,,,,,,,,,,,
31/08,,,Богородице,,320;Lk54,,,,,,,,,,,,#N/A,#N/A,#N/A